actual_invalid_samples,actual_state_checked_samples,budget_s,collision_checked_states,collision_valid,execution_collision_valid,execution_completed,execution_error,execution_sim_s,execution_wall_s,goal_valid,moveit_code,path_length_rad,planner,planner_reported_s,planning_success,planning_wall_s,process_wall_s,scene,scene_name,seed,simulation_only,start_valid,status,status_label,tracking_max_rad,tracking_p95_rad,tracking_pass,tracking_rmse_rad,tracking_samples,waypoints
124,381,1.0,156,True,False,True,,3.8079999999996916,0.654643005,True,1,1.428278266461533,PRM,0.01074814,True,0.010804849,0.718132577,3,low_bar,18,True,True,success,MEASURED,1.0516951861730728,0.7290042771475129,False,0.25186222452566526,2286,14
0,340,1.0,135,True,True,True,,3.3999999999997366,0.631744352,True,1,1.3228710339472116,RRTConnect,0.0015050649999999999,True,0.001561174,0.693789947,6,overhead_shelf,18,True,True,success,MEASURED,0.11564294667469799,0.09780630585977501,True,0.049923162883189126,2040,16
0,342,1.0,150,True,True,True,,3.414999999999735,0.656532908,True,1,1.3228770851776375,RRTConnect,0.012852292999999999,True,0.012994613,0.720085044,6,overhead_shelf,8,True,True,success,MEASURED,0.11564294667469799,0.09784240543694489,True,0.049903380876264884,2052,16
0,301,1.0,120,True,True,True,,3.0099999999997795,0.601470015,True,1,1.1445535125301716,PRM,0.20599562400000002,True,0.20605446,0.855418423,0,open_sweep,6,True,True,success,MEASURED,0.11564294667469799,0.09577396317556142,True,0.05027236848041076,1806,16
,,1.0,,False,,False,,,,False,,,RRTConnect,0.0,False,0.0,0.042230348,8,unreachable_joint_goal,5,True,True,invalid_goal,MEASURED,,,,,,
,,1.0,,False,,False,,,,False,,,PRM,0.0,False,0.0,0.037752596,9,blocked_start,1,True,False,invalid_start,MEASURED,,,,,,
0,342,1.0,150,True,True,True,,3.414999999999735,0.626827215,True,1,1.3228732086905322,PRM,0.000857767,True,0.00090872,0.680258405,6,overhead_shelf,0,True,True,success,MEASURED,0.11564294667469799,0.09784218111461052,True,0.049903242936822655,2052,16
0,301,1.0,120,True,True,True,,3.0099999999997795,0.585160083,True,1,1.1445525888591375,PRM,0.022602478999999998,True,0.022670167,0.659692089,1,open_reverse,10,True,True,success,MEASURED,0.134227401582657,0.11536328896649495,True,0.05254089236304425,1806,16
,,1.0,,False,,False,,,,False,,,RRTConnect,0.0,False,0.0,0.037730042,7,collision_goal,5,True,True,invalid_goal,MEASURED,,,,,,
,,1.0,519,False,,False,,,,True,1,5.4802393060580625,RRTConnect,0.004261961,True,0.00445649,0.059243422,2,center_column,4,True,True,invalid_path,MEASURED,,,,,,80
,,1.0,,False,,False,,,,False,,,PRM,0.0,False,0.0,0.037393202,4,double_pillars,18,True,True,invalid_goal,MEASURED,,,,,,
,,1.0,,False,,False,,,,False,,,RRTConnect,0.0,False,0.0,0.040610008,8,unreachable_joint_goal,13,True,True,invalid_goal,MEASURED,,,,,,
,,1.0,,False,,False,,,,False,,,PRM,0.0,False,0.0,0.037412424,9,blocked_start,11,True,False,invalid_start,MEASURED,,,,,,
23,1003,1.0,571,True,False,True,,10.020999999999885,1.286647612,True,1,5.602670344488431,RRTConnect,0.001149854,True,0.001336696,1.350819955,2,center_column,0,True,True,success,MEASURED,0.12204963271763236,0.10057428748133546,True,0.04155576976035222,6018,77
,,1.0,502,False,,False,,,,True,1,5.5527245768753355,RRTConnect,0.0056795249999999995,True,0.005901993,0.054843217,5,narrow_passage,18,True,True,invalid_path,MEASURED,,,,,,86
,,1.0,,False,,False,,,,False,,,PRM,0.0,False,0.0,0.038851355,7,collision_goal,7,True,True,invalid_goal,MEASURED,,,,,,
,,1.0,,False,,False,,,,False,,,RRTConnect,0.0,False,0.0,0.035335031,9,blocked_start,3,True,False,invalid_start,MEASURED,,,,,,
,,1.0,,False,,False,,,,False,,,PRM,0.0,False,0.0,0.039297308,4,double_pillars,8,True,True,invalid_goal,MEASURED,,,,,,
,,1.0,,False,,False,,,,False,,,PRM,0.0,False,0.0,0.041939731,7,collision_goal,4,True,True,invalid_goal,MEASURED,,,,,,
,,1.0,461,False,,False,,,,True,1,5.024542346712879,RRTConnect,0.005271248,True,0.00546753,0.058475898,2,center_column,3,True,True,invalid_path,MEASURED,,,,,,77
,,1.0,,False,,False,,,,False,,,PRM,0.0,False,0.0,0.037493096,4,double_pillars,6,True,True,invalid_goal,MEASURED,,,,,,
,,1.0,,False,,False,,,,False,,,RRTConnect,0.0,False,0.0,0.037970186,8,unreachable_joint_goal,8,True,True,invalid_goal,MEASURED,,,,,,
124,381,1.0,156,True,False,True,,3.8079999999996916,0.689071684,True,1,1.4282909894130347,RRTConnect,0.0017029319999999999,True,0.001752717,0.745956438,3,low_bar,17,True,True,success,MEASURED,1.0517064314169753,0.7290129237428595,False,0.2518651290686968,2286,14
125,381,1.0,156,True,False,True,,3.8079999999996916,0.67496014,True,1,1.4282779868754525,PRM,0.001345742,True,0.001413764,0.732896206,3,low_bar,19,True,True,success,MEASURED,1.0516901638940024,0.7290004177058005,False,0.2518618240044876,2286,14
,,1.0,,False,,False,,,,False,,,RRTConnect,0.0,False,0.0,0.064261414,4,double_pillars,17,True,True,invalid_goal,MEASURED,,,,,,
,,1.0,,False,,False,,,,False,,,RRTConnect,0.0,False,0.0,0.041379755,8,unreachable_joint_goal,3,True,True,invalid_goal,MEASURED,,,,,,
,,1.0,,False,,False,,,,False,,,PRM,0.0,False,0.0,0.042764882,8,unreachable_joint_goal,14,True,True,invalid_goal,MEASURED,,,,,,
123,381,1.0,156,True,False,True,,3.8079999999996916,0.845746836,True,1,1.428293713094021,PRM,0.017641578,True,0.017694415,0.912859355,3,low_bar,12,True,True,success,MEASURED,1.0517061771625564,0.7290127213931406,False,0.25186563363478,2286,14
0,301,1.0,120,True,True,True,,3.0099999999997795,0.590227874,True,1,1.144547001154445,RRTConnect,0.012617943999999999,True,0.012687809,0.656085859,0,open_sweep,18,True,True,success,MEASURED,0.11564294667469799,0.09577446565804715,True,0.050272510437316405,1806,16
0,301,1.0,120,True,True,True,,3.0099999999997795,0.551210255,True,1,1.1445575112405693,RRTConnect,0.000802875,True,0.000847249,0.600980651,0,open_sweep,14,True,True,success,MEASURED,0.11564294667469799,0.09577411323841767,True,0.050272473299766404,1806,16
0,301,1.0,120,True,True,True,,3.0099999999997795,0.571751327,True,1,1.144562222656285,PRM,0.20088705299999998,True,0.200966756,0.820144801,0,open_sweep,0,True,True,success,MEASURED,0.11564294667469799,0.095774073165798,True,0.05027249494053842,1806,16
,,1.0,,False,,False,,,,False,,,RRTConnect,0.0,False,0.0,0.041391081,9,blocked_start,11,True,False,invalid_start,MEASURED,,,,,,
,,1.0,495,False,,False,,,,True,1,5.289085030372758,RRTConnect,0.003170343,True,0.003331248,0.050189491,2,center_column,5,True,True,invalid_path,MEASURED,,,,,,81
365,806,1.0,451,True,False,True,,8.057000000000974,1.093502656,True,1,5.3501496807969176,RRTConnect,0.005107105,True,0.005270996,1.160858203,5,narrow_passage,15,True,True,success,MEASURED,1.2335383745922535,0.8116766611865405,False,0.28680217576854694,4836,81
124,381,1.0,156,True,False,True,,3.8079999999996916,0.638597803,True,1,1.4282887838899754,RRTConnect,0.001182395,True,0.001232108,0.694172156,3,low_bar,16,True,True,success,MEASURED,1.0517019155328071,0.7290094254996851,False,0.2518646327795204,2286,14
0,831,1.0,503,True,True,True,,8.301000000000839,1.351684586,True,1,5.401195515706656,RRTConnect,0.010211593,True,0.010505334,1.45563666,5,narrow_passage,2,True,True,success,MEASURED,0.14238527021891395,0.12162460553439225,True,0.05125610819521488,4986,83
,,1.0,,False,,False,,,,False,,,PRM,0.0,False,0.0,0.040142929,8,unreachable_joint_goal,13,True,True,invalid_goal,MEASURED,,,,,,
,,1.0,,False,,False,,,,False,,,PRM,0.0,False,0.0,0.039865723,4,double_pillars,4,True,True,invalid_goal,MEASURED,,,,,,
,,1.0,,False,,False,,,,False,,,PRM,0.0,False,0.0,0.044883474,4,double_pillars,15,True,True,invalid_goal,MEASURED,,,,,,
0,342,1.0,150,True,True,True,,3.414999999999735,0.671658682,True,1,1.3228785692334826,RRTConnect,0.011810438,True,0.01189417,0.739767522,6,overhead_shelf,0,True,True,success,MEASURED,0.11564294667469799,0.09784239381654047,True,0.04990337161527092,2052,16
0,342,1.0,150,True,True,True,,3.414999999999735,0.641099655,True,1,1.3228792795067792,PRM,0.217202211,True,0.217268332,0.907837709,6,overhead_shelf,17,True,True,success,MEASURED,0.11564294667469799,0.09784242473589122,True,0.049903385259778374,2052,16
77,857,1.0,494,True,False,True,,8.566000000000692,1.164968153,True,1,4.8996808856608425,PRM,0.102442653,True,0.102642106,1.322397882,2,center_column,10,True,True,success,MEASURED,0.6899196319649784,0.5565407518691834,False,0.19835772939206017,5142,73
,,1.0,,False,,False,,,,False,,,RRTConnect,0.0,False,0.0,0.041513637,9,blocked_start,18,True,False,invalid_start,MEASURED,,,,,,
128,381,1.0,156,True,False,True,,3.8079999999996916,0.67038588,True,1,1.4282780230166636,RRTConnect,0.001839037,True,0.001901671,0.740531781,3,low_bar,14,True,True,success,MEASURED,1.0516946257952564,0.7290038487902795,False,0.2518621299135043,2286,14
,,1.0,,False,,False,,,,False,,,PRM,0.0,False,0.0,0.037117436,7,collision_goal,16,True,True,invalid_goal,MEASURED,,,,,,
0,780,1.0,467,True,True,True,,7.792000000000937,1.186183924,True,1,4.892144799531388,PRM,0.296749229,True,0.296984774,1.543966757,5,narrow_passage,7,True,True,success,MEASURED,0.14450827336934652,0.12120895440608925,True,0.04876715653567869,4680,76
,,1.0,489,False,,False,,,,True,1,5.209242958639005,PRM,0.060626172,True,0.060785178,0.110111748,5,narrow_passage,6,True,True,invalid_path,MEASURED,,,,,,73
,,1.0,,False,,False,,,,False,,,PRM,0.0,False,0.0,0.041256582,7,collision_goal,11,True,True,invalid_goal,MEASURED,,,,,,
0,924,1.0,521,True,True,True,,9.23800000000032,1.322563254,True,1,5.883226655935353,RRTConnect,0.004302076,True,0.004483158,1.391764223,5,narrow_passage,7,True,True,success,MEASURED,0.14756902055663515,0.10460506116695878,True,0.04198880248828592,5544,85
0,340,1.0,135,True,True,True,,3.3999999999997366,0.613200079,True,1,1.3228675190729033,RRTConnect,0.011260837999999999,True,0.01132495,0.678440337,6,overhead_shelf,19,True,True,success,MEASURED,0.11564294667469799,0.09780600932836025,True,0.04992299214083196,2040,16
123,381,1.0,156,True,False,True,,3.8079999999996916,0.651646795,True,1,1.4282914465487828,PRM,0.011381369,True,0.011434643,0.718141175,3,low_bar,8,True,True,success,MEASURED,1.0517074716684929,0.7290137456634618,False,0.25186512093440605,2286,14
0,301,1.0,120,True,True,True,,3.0099999999997795,0.532928475,True,1,1.1445562015534982,RRTConnect,0.000901118,True,0.00095069,0.58188002,1,open_reverse,19,True,True,success,MEASURED,0.134227401582657,0.11536298084542085,True,0.052540805086975464,1806,16
,,1.0,,False,,False,,,,False,,,RRTConnect,0.0,False,0.0,0.035898777,9,blocked_start,14,True,False,invalid_start,MEASURED,,,,,,
,,1.0,536,False,,False,,,,True,1,5.573686813076597,RRTConnect,0.014579308000000001,True,0.014764106,0.067872701,5,narrow_passage,0,True,True,invalid_path,MEASURED,,,,,,84
0,340,1.0,135,True,True,True,,3.3999999999997366,0.64101757,True,1,1.322869947118683,RRTConnect,0.0011002030000000001,True,0.001157033,0.700045635,6,overhead_shelf,15,True,True,success,MEASURED,0.11564294667469799,0.0978060332809969,True,0.04992301597744532,2040,16
0,301,1.0,120,True,True,True,,3.0099999999997795,0.549825169,True,1,1.1445464012555702,RRTConnect,0.001309022,True,0.001362046,0.601127962,0,open_sweep,6,True,True,success,MEASURED,0.11564294667469799,0.09577380061476515,True,0.05027226439210564,1806,16
157,381,1.0,156,True,False,True,,3.8079999999996916,0.671069657,True,1,1.4282946135668981,RRTConnect,0.0019278379999999999,True,0.001996288,0.728902379,3,low_bar,1,True,True,success,MEASURED,1.0517090966183096,0.7290149474296546,False,0.2518661395678056,2286,14
,,1.0,,False,,False,,,,False,,,PRM,0.0,False,0.0,0.039841264,8,unreachable_joint_goal,16,True,True,invalid_goal,MEASURED,,,,,,
,,1.0,293,False,,False,,,,True,1,3.188943749711826,PRM,0.30675382500000004,True,0.306920753,0.353858586,2,center_column,4,True,True,invalid_path,MEASURED,,,,,,47
215,632,1.0,347,True,False,True,,6.313000000000443,0.905728722,True,1,4.239106117921996,PRM,0.059424415999999994,True,0.059593816,1.025765418,5,narrow_passage,17,True,True,success,MEASURED,1.2336739497163411,0.9519364275084794,False,0.33401715600868837,3792,70
,,1.0,,False,,False,,,,False,,,PRM,0.0,False,0.0,0.042998484,4,double_pillars,2,True,True,invalid_goal,MEASURED,,,,,,
0,301,1.0,120,True,True,True,,3.0099999999997795,0.599712348,True,1,1.1445519559000727,RRTConnect,0.0017775459999999999,True,0.001846199,0.666273898,1,open_reverse,5,True,True,success,MEASURED,0.134227401582657,0.11536288100889414,True,0.0525409204184109,1806,16
,,1.0,,False,,False,,,,False,,,PRM,0.0,False,0.0,0.041653481,9,blocked_start,16,True,False,invalid_start,MEASURED,,,,,,
,,1.0,,False,,False,,,,False,,,RRTConnect,0.0,False,0.0,0.061696732,8,unreachable_joint_goal,2,True,True,invalid_goal,MEASURED,,,,,,
0,301,1.0,120,True,True,True,,3.0099999999997795,0.577158656,True,1,1.1445478457882063,RRTConnect,0.001307633,True,0.001364882,0.631788284,0,open_sweep,3,True,True,success,MEASURED,0.11564294667469799,0.0957741988606362,True,0.05027244705906942,1806,16
123,381,1.0,156,True,False,True,,3.8079999999996916,0.655215725,True,1,1.428280575399504,PRM,0.000777989,True,0.000845995,0.716682491,3,low_bar,14,True,True,success,MEASURED,1.0516957593328675,0.7290047478288111,False,0.25186244350317727,2286,14
122,381,1.0,156,True,False,True,,3.8079999999996916,0.68122608,True,1,1.4282898599948872,RRTConnect,0.001704048,True,0.001759915,0.738597569,3,low_bar,2,True,True,success,MEASURED,1.0517039523474385,0.7290110424183613,False,0.2518645786106193,2286,14
0,340,1.0,135,True,True,True,,3.3999999999997366,0.653027922,True,1,1.3228694385485822,RRTConnect,0.001630573,True,0.00167891,0.709938199,6,overhead_shelf,17,True,True,success,MEASURED,0.11564294667469799,0.09780631078429547,True,0.04992314961540929,2040,16
0,301,1.0,120,True,True,True,,3.0099999999997795,0.783514739,True,1,1.1445620864516564,RRTConnect,0.001098018,True,0.001145313,0.833230266,1,open_reverse,10,True,True,success,MEASURED,0.134227401582657,0.11536341385157145,True,0.052541041633845625,1806,16
,,1.0,,False,,False,,,,False,,,PRM,0.0,False,0.0,0.044062286,4,double_pillars,11,True,True,invalid_goal,MEASURED,,,,,,
,,1.0,,False,,False,,,,False,,,RRTConnect,0.0,False,0.0,0.037549176,7,collision_goal,7,True,True,invalid_goal,MEASURED,,,,,,
128,381,1.0,156,True,False,True,,3.8079999999996916,0.664239312,True,1,1.428291112725032,RRTConnect,0.002454514,True,0.00249953,0.716573686,3,low_bar,0,True,True,success,MEASURED,1.0517044998350704,0.7290114197635007,False,0.2518651339333743,2286,14
0,301,1.0,120,True,True,True,,3.0099999999997795,0.598003544,True,1,1.1445493531048494,RRTConnect,0.001720322,True,0.001779891,0.646618429,0,open_sweep,0,True,True,success,MEASURED,0.11564294667469799,0.09577408571624635,True,0.05027240472490604,1806,16
129,381,1.0,156,True,False,True,,3.8079999999996916,0.652900744,True,1,1.4282770160124592,PRM,0.412127491,True,0.412183712,1.11927233,3,low_bar,10,True,True,success,MEASURED,1.0516906753955766,0.7290008104129455,False,0.25186168950696275,2286,14
0,340,1.0,135,True,True,True,,3.3999999999997366,0.599255732,True,1,1.3228701313424582,RRTConnect,0.001763047,True,0.001819314,0.655116832,6,overhead_shelf,12,True,True,success,MEASURED,0.11564294667469799,0.09780614600168225,True,0.049923099102659955,2040,16
125,381,1.0,156,True,False,True,,3.8079999999996916,0.66080453,True,1,1.428284146126619,RRTConnect,0.011543231,True,0.011597208,0.728303707,3,low_bar,15,True,True,success,MEASURED,1.051701040512663,0.7290087757312993,False,0.25186363400929596,2286,14
,,1.0,,False,,False,,,,False,,,PRM,0.0,False,0.0,0.043474545,7,collision_goal,14,True,True,invalid_goal,MEASURED,,,,,,
,,1.0,,False,,False,,,,False,,,RRTConnect,0.0,False,0.0,0.042391181,4,double_pillars,0,True,True,invalid_goal,MEASURED,,,,,,
,,1.0,,False,,False,,,,False,,,PRM,0.0,False,0.0,0.034482215,9,blocked_start,5,True,False,invalid_start,MEASURED,,,,,,
,,1.0,,False,,False,,,,False,,,RRTConnect,0.0,False,0.0,0.044545458,7,collision_goal,9,True,True,invalid_goal,MEASURED,,,,,,
,,1.0,,False,,False,,,,False,,,RRTConnect,0.0,False,0.0,0.039358721,9,blocked_start,7,True,False,invalid_start,MEASURED,,,,,,
0,301,1.0,120,True,True,True,,3.0099999999997795,0.800474279,True,1,1.1445433913875744,PRM,0.033249034000000004,True,0.033306427,0.887385706,0,open_sweep,2,True,True,success,MEASURED,0.11564294667469799,0.09577446976423809,True,0.05027253484032587,1806,16
0,342,1.0,150,True,True,True,,3.414999999999735,0.675419495,True,1,1.322884074439704,PRM,0.308876953,True,0.308964926,1.039030289,6,overhead_shelf,18,True,True,success,MEASURED,0.11564294667469799,0.09784244112042617,True,0.04990340282257895,2052,16
,,1.0,,False,,False,,,,False,,,PRM,0.0,False,0.0,0.041374931,4,double_pillars,0,True,True,invalid_goal,MEASURED,,,,,,
,,1.0,,False,,False,,,,False,,,PRM,0.0,False,0.0,0.039794485,9,blocked_start,3,True,False,invalid_start,MEASURED,,,,,,
,,1.0,,False,,False,,,,False,,,RRTConnect,0.0,False,0.0,0.040454743,8,unreachable_joint_goal,0,True,True,invalid_goal,MEASURED,,,,,,
,,1.0,393,False,,False,,,,True,1,4.266320942816742,PRM,0.049107593,True,0.049245214,0.098714905,2,center_column,1,True,True,invalid_path,MEASURED,,,,,,61
,,1.0,,False,,False,,,,False,,,PRM,0.0,False,0.0,0.034747557,9,blocked_start,17,True,False,invalid_start,MEASURED,,,,,,
,,1.0,,False,,False,,,,False,,,RRTConnect,0.0,False,0.0,0.045215361,7,collision_goal,15,True,True,invalid_goal,MEASURED,,,,,,
159,381,1.0,156,True,False,True,,3.8079999999996916,0.654815531,True,1,1.4282774860933076,RRTConnect,0.012495965,True,0.012555146,0.725492927,3,low_bar,8,True,True,success,MEASURED,1.0516902782855049,0.7290004733990367,False,0.2518619920979741,2286,14
,,1.0,,False,,False,,,,False,,,RRTConnect,0.0,False,0.0,0.034616227,9,blocked_start,19,True,False,invalid_start,MEASURED,,,,,,
0,342,1.0,150,True,True,True,,3.414999999999735,0.608372695,True,1,1.3228724724136436,RRTConnect,0.011436769999999999,True,0.011497338,0.672492442,6,overhead_shelf,13,True,True,success,MEASURED,0.11564294667469799,0.09784224086175153,True,0.049903288590669885,2052,16
0,301,1.0,120,True,True,True,,3.0099999999997795,0.601440325,True,1,1.1445517487226176,RRTConnect,0.001862902,True,0.00191436,0.656664934,0,open_sweep,19,True,True,success,MEASURED,0.11564294667469799,0.09577401556787701,True,0.05027243593573055,1806,16
,,1.0,,False,,False,,,,False,,,RRTConnect,0.0,False,0.0,0.041633838,8,unreachable_joint_goal,6,True,True,invalid_goal,MEASURED,,,,,,
127,381,1.0,156,True,False,True,,3.8079999999996916,0.628624464,True,1,1.4282853899661554,PRM,0.402821613,True,0.402872659,1.087458712,3,low_bar,1,True,True,success,MEASURED,1.0516981937486152,0.7290065870618752,False,0.25186362377450267,2286,14
89,678,1.0,365,True,False,True,,6.7730000000005965,1.053895025,True,1,4.137540250873153,PRM,0.048112643999999996,True,0.048250834,1.153232268,5,narrow_passage,18,True,True,success,MEASURED,1.2086523290813627,0.834952458394268,False,0.30685170726280453,4068,62
0,750,1.0,394,True,True,True,,7.498000000000839,1.087622542,True,1,3.9803182369007697,PRM,0.256609456,True,0.25686777,1.408317899,5,narrow_passage,8,True,True,success,MEASURED,0.1409601393494846,0.10552581673588846,True,0.04085011434054001,4500,52
,,1.0,,False,,False,,,,False,,,RRTConnect,0.0,False,0.0,0.054522129,4,double_pillars,13,True,True,invalid_goal,MEASURED,,,,,,
,,1.0,,False,,False,,,,False,,,PRM,0.0,False,0.0,0.042077299,4,double_pillars,13,True,True,invalid_goal,MEASURED,,,,,,
,,1.0,460,False,,False,,,,True,1,5.01340121904692,RRTConnect,0.0035557540000000004,True,0.00372911,0.055307568,2,center_column,10,True,True,invalid_path,MEASURED,,,,,,77
,,1.0,,False,,False,,,,False,,,RRTConnect,0.0,False,0.0,0.039158085,8,unreachable_joint_goal,19,True,True,invalid_goal,MEASURED,,,,,,
123,381,1.0,156,True,False,True,,3.8079999999996916,0.659714578,True,1,1.4282886973964728,RRTConnect,0.001933835,True,0.002016335,0.720214259,3,low_bar,5,True,True,success,MEASURED,1.0517042171192799,0.7290112375768256,False,0.251864466446145,2286,14
,,1.0,,False,,False,,,,False,,,RRTConnect,0.0,False,0.0,0.042187607,4,double_pillars,18,True,True,invalid_goal,MEASURED,,,,,,
54,674,1.0,386,True,False,True,,6.738000000000585,0.98794625,True,1,3.9300578250087623,PRM,0.099482681,True,0.099668273,1.145999737,2,center_column,11,True,True,success,MEASURED,0.1261368481564467,0.10415074281581355,True,0.046659967941219904,4044,58
147,381,1.0,156,True,False,True,,3.8079999999996916,0.660236583,True,1,1.4282871619347317,RRTConnect,0.014561599000000001,True,0.01463195,0.732567973,3,low_bar,19,True,True,success,MEASURED,1.0517020486769733,0.729009548978516,False,0.2518642494006676,2286,14
123,381,1.0,156,True,False,True,,3.8079999999996916,0.755287123,True,1,1.4282799984001535,RRTConnect,0.004013571,True,0.004084976,0.820850098,3,low_bar,18,True,True,success,MEASURED,1.0516949099184962,0.7290040640301405,False,0.25186251853836206,2286,14
,,1.0,,False,,False,,,,False,,,PRM,0.0,False,0.0,0.035810623,4,double_pillars,14,True,True,invalid_goal,MEASURED,,,,,,
124,381,1.0,156,True,False,True,,3.8079999999996916,0.698937028,True,1,1.428278507485355,PRM,0.000679493,True,0.000740659,0.749996599,3,low_bar,11,True,True,success,MEASURED,1.0516907475229849,0.7290008527074623,False,0.2518620374901818,2286,14
0,342,1.0,150,True,True,True,,3.414999999999735,0.669934534,True,1,1.3228776375356877,PRM,0.000898039,True,0.000948418,0.724688013,6,overhead_shelf,12,True,True,success,MEASURED,0.11564294667469799,0.09784235277961795,True,0.04990332475560977,2052,16
,,1.0,380,False,,False,,,,True,1,3.7016221041934187,PRM,0.321290174,True,0.32143001,0.368421776,5,narrow_passage,0,True,True,invalid_path,MEASURED,,,,,,52
,,1.0,,False,,False,,,,False,,,PRM,0.0,False,0.0,0.048069943,9,blocked_start,14,True,False,invalid_start,MEASURED,,,,,,
0,340,1.0,135,True,True,True,,3.3999999999997366,0.644513909,True,1,1.3228691667216612,RRTConnect,0.001439009,True,0.001488675,0.698594608,6,overhead_shelf,7,True,True,success,MEASURED,0.11564294667469799,0.09780606003551617,True,0.04992304958355058,2040,16
0,342,1.0,150,True,True,True,,3.414999999999735,0.62475872,True,1,1.3228820375890515,PRM,0.00085381,True,0.000909741,0.679745269,6,overhead_shelf,8,True,True,success,MEASURED,0.11564294667469799,0.0978423818050026,True,0.04990338665776419,2052,16
,,1.0,,False,,False,,,,False,,,PRM,0.0,False,0.0,0.042597765,8,unreachable_joint_goal,10,True,True,invalid_goal,MEASURED,,,,,,
,,1.0,,False,,False,,,,False,,,PRM,0.0,False,0.0,0.040724686,9,blocked_start,2,True,False,invalid_start,MEASURED,,,,,,
0,340,1.0,135,True,True,True,,3.3999999999997366,0.652235993,True,1,1.3228672101699546,PRM,0.225252592,True,0.225317798,0.93583943,6,overhead_shelf,9,True,True,success,MEASURED,0.11564294667469799,0.09780582604136578,True,0.0499229209754235,2040,16
515,924,1.0,499,True,False,True,,9.23700000000032,1.2481693,True,1,5.075976611461183,RRTConnect,0.003724792,True,0.003867329,1.30637557,2,center_column,19,True,True,success,MEASURED,0.9435665961323083,0.7166549946369634,False,0.2690834854406634,5544,69
125,381,1.0,156,True,False,True,,3.8079999999996916,0.870905557,True,1,1.428282944888829,RRTConnect,0.011372534,True,0.011425539,0.940496166,3,low_bar,11,True,True,success,MEASURED,1.0516961309262303,0.7290050210081771,False,0.2518629660352562,2286,14
141,381,1.0,156,True,False,True,,3.8079999999996916,0.725950659,True,1,1.4282858308579824,PRM,0.011134326,True,0.011193499,0.794563495,3,low_bar,5,True,True,success,MEASURED,1.0516989711925586,0.7290071575297992,False,0.25186397461339916,2286,14
0,301,1.0,120,True,True,True,,3.0099999999997795,0.610653737,True,1,1.1445497129967972,PRM,0.03859757,True,0.038662873,0.701856485,0,open_sweep,17,True,True,success,MEASURED,0.11564294667469799,0.09577396292648022,True,0.05027231160487812,1806,16
,,1.0,,False,,False,,,,False,,,RRTConnect,0.0,False,0.0,0.046306046,8,unreachable_joint_goal,1,True,True,invalid_goal,MEASURED,,,,,,
,,1.0,,False,,False,,,,False,,,PRM,0.0,False,0.0,0.036516077,8,unreachable_joint_goal,15,True,True,invalid_goal,MEASURED,,,,,,
0,664,1.0,373,True,True,True,,6.6320000000005495,1.006540815,True,1,4.271239837730248,PRM,0.028913383,True,0.029090618,1.107596813,2,center_column,12,True,True,success,MEASURED,0.14526745420351755,0.10318409656530869,True,0.040937816654332715,3984,65
154,381,1.0,156,True,False,True,,3.8079999999996916,0.656385578,True,1,1.4282937936329096,RRTConnect,0.002489015,True,0.002536854,0.715239599,3,low_bar,12,True,True,success,MEASURED,1.051709196009627,0.7290150236364819,False,0.2518660031626095,2286,14
,,1.0,,False,,False,,,,False,,,RRTConnect,0.0,False,0.0,0.044056088,9,blocked_start,17,True,False,invalid_start,MEASURED,,,,,,
,,1.0,,False,,False,,,,False,,,PRM,0.0,False,0.0,0.033402372,9,blocked_start,10,True,False,invalid_start,MEASURED,,,,,,
127,381,1.0,156,True,False,True,,3.8079999999996916,0.654084766,True,1,1.4282939951055462,PRM,0.000624104,True,0.000668162,0.703521564,3,low_bar,16,True,True,success,MEASURED,1.0517088693438135,0.7290148037990645,False,0.2518657624898697,2286,14
,,1.0,,False,,False,,,,False,,,PRM,0.0,False,0.0,0.035335692,8,unreachable_joint_goal,11,True,True,invalid_goal,MEASURED,,,,,,
0,340,1.0,135,True,True,True,,3.3999999999997366,0.621658275,True,1,1.322876610097911,RRTConnect,0.001523572,True,0.001575616,0.679775066,6,overhead_shelf,10,True,True,success,MEASURED,0.11564294667469799,0.09780616637850426,True,0.049923125600027964,2040,16
,,1.0,,False,,False,,,,False,,,PRM,0.0,False,0.0,0.036804194,4,double_pillars,17,True,True,invalid_goal,MEASURED,,,,,,
,,1.0,,False,,False,,,,False,,,RRTConnect,0.0,False,0.0,0.036062472,7,collision_goal,16,True,True,invalid_goal,MEASURED,,,,,,
,,1.0,,False,,False,,,,False,,,PRM,0.0,False,0.0,0.042975608,7,collision_goal,2,True,True,invalid_goal,MEASURED,,,,,,
0,301,1.0,120,True,True,True,,3.0099999999997795,0.626531319,True,1,1.1445535539298322,PRM,0.402706782,True,0.402764151,1.084847967,1,open_reverse,6,True,True,success,MEASURED,0.134227401582657,0.11536315571050926,True,0.05254093959031732,1806,16
0,301,1.0,120,True,True,True,,3.0099999999997795,0.557469532,True,1,1.1445600382943166,RRTConnect,0.001720474,True,0.001770935,0.61248805,0,open_sweep,10,True,True,success,MEASURED,0.11564294667469799,0.0957738818245144,True,0.050272362784164755,1806,16
,,1.0,,False,,False,,,,False,,,PRM,0.0,False,0.0,0.042380427,4,double_pillars,7,True,True,invalid_goal,MEASURED,,,,,,
0,301,1.0,120,True,True,True,,3.0099999999997795,0.566607498,True,1,1.1445503356672728,PRM,0.39598356599999995,True,0.396052626,1.013952028,0,open_sweep,7,True,True,success,MEASURED,0.11564294667469799,0.09577429135325033,True,0.05027251377949776,1806,16
,,1.0,,False,,False,,,,False,,,RRTConnect,0.0,False,0.0,0.042552091,7,collision_goal,3,True,True,invalid_goal,MEASURED,,,,,,
0,301,1.0,120,True,True,True,,3.0099999999997795,0.573186193,True,1,1.1445559487903123,RRTConnect,0.012173151,True,0.012228281,0.646653232,1,open_reverse,16,True,True,success,MEASURED,0.134227401582657,0.11536309608625306,True,0.052541001154257236,1806,16
,,1.0,,False,,False,,,,False,,,PRM,0.0,False,0.0,0.037838893,9,blocked_start,4,True,False,invalid_start,MEASURED,,,,,,
0,301,1.0,120,True,True,True,,3.0099999999997795,0.543576191,True,1,1.1445546308425087,PRM,0.000928491,True,0.000977493,0.599709253,0,open_sweep,5,True,True,success,MEASURED,0.11564294667469799,0.09577405224340174,True,0.05027237310305305,1806,16
0,301,1.0,120,True,True,True,,3.0099999999997795,0.556935068,True,1,1.1445409204908763,PRM,0.388264701,True,0.388322698,0.994142832,0,open_sweep,11,True,True,success,MEASURED,0.11564294667469799,0.0957744322118037,True,0.05027250355218609,1806,16
0,301,1.0,120,True,True,True,,3.0099999999997795,0.567988991,True,1,1.1445476188070485,RRTConnect,0.0015563270000000001,True,0.001599873,0.62156985,1,open_reverse,18,True,True,success,MEASURED,0.134227401582657,0.11536296550790104,True,0.05254083749994745,1806,16
0,301,1.0,120,True,True,True,,3.0099999999997795,0.60238187,True,1,1.144556745967014,PRM,0.031924352999999996,True,0.031985244,0.684462089,0,open_sweep,8,True,True,success,MEASURED,0.11564294667469799,0.09577405762972147,True,0.05027237975827932,1806,16
0,301,1.0,120,True,True,True,,3.0099999999997795,0.55019885,True,1,1.1445445649286057,PRM,0.215909415,True,0.21597562,0.823789588,1,open_reverse,3,True,True,success,MEASURED,0.134227401582657,0.11536316330839458,True,0.052540886736576545,1806,16
,,1.0,240,False,,False,,,,True,1,2.3973475734556176,PRM,0.351874045,True,0.352005969,0.396227492,2,center_column,2,True,True,invalid_path,MEASURED,,,,,,35
0,760,1.0,403,True,True,True,,7.599000000000872,1.19966464,True,1,3.8173352828173064,PRM,0.215150401,True,0.215326991,1.475587147,5,narrow_passage,19,True,True,success,MEASURED,0.14073418010117122,0.09989410814313626,True,0.038226738628808904,4560,53
95,1099,1.0,593,True,False,True,,10.98599999999935,1.444112197,True,1,6.542315307910702,RRTConnect,0.006199507,True,0.006374388,1.516209207,5,narrow_passage,6,True,True,success,MEASURED,0.43937108927867574,0.1023219739368989,True,0.058511715558922324,6594,80
,,1.0,,False,,False,,,,False,,,RRTConnect,0.0,False,0.0,0.044770349,4,double_pillars,2,True,True,invalid_goal,MEASURED,,,,,,
,,1.0,,False,,False,,,,False,,,RRTConnect,0.0,False,0.0,0.045768733,8,unreachable_joint_goal,16,True,True,invalid_goal,MEASURED,,,,,,
,,1.0,,False,,False,,,,False,,,PRM,0.0,False,0.0,0.040693182,7,collision_goal,1,True,True,invalid_goal,MEASURED,,,,,,
129,381,1.0,156,True,False,True,,3.8079999999996916,0.693245177,True,1,1.4282961721264629,PRM,0.010633855,True,0.010688486,0.760806724,3,low_bar,0,True,True,success,MEASURED,1.0517100806125463,0.7290157277617948,False,0.2518662693770908,2286,14
,,1.0,,False,,False,,,,False,,,PRM,0.0,False,0.0,0.042625065,4,double_pillars,16,True,True,invalid_goal,MEASURED,,,,,,
,,1.0,,False,,False,,,,False,,,RRTConnect,0.0,False,0.0,0.042762519,4,double_pillars,4,True,True,invalid_goal,MEASURED,,,,,,
,,1.0,,False,,False,,,,False,,,RRTConnect,0.0,False,0.0,0.038777779,8,unreachable_joint_goal,14,True,True,invalid_goal,MEASURED,,,,,,
,,1.0,,False,,False,,,,False,,,RRTConnect,0.0,False,0.0,0.041197606,7,collision_goal,8,True,True,invalid_goal,MEASURED,,,,,,
0,301,1.0,120,True,True,True,,3.0099999999997795,0.558790954,True,1,1.1445478467734707,RRTConnect,0.001390542,True,0.001440978,0.606700018,0,open_sweep,5,True,True,success,MEASURED,0.11564294667469799,0.09577384984483939,True,0.05027226854081065,1806,16
298,922,1.0,510,True,False,True,,9.217000000000331,1.203444569,True,1,5.239861920502679,PRM,0.092258614,True,0.092547142,1.357695963,5,narrow_passage,2,True,True,success,MEASURED,1.2340718319766333,0.9157885149086786,False,0.31715715454520127,5532,76
124,381,1.0,156,True,False,True,,3.8079999999996916,0.856708035,True,1,1.4282761806354942,PRM,0.012180234,True,0.012232735,0.917818193,3,low_bar,3,True,True,success,MEASURED,1.0516911871261676,0.7290012369821146,False,0.2518613816206934,2286,14
,,1.0,372,False,,False,,,,True,1,3.773746775722587,PRM,0.12526573400000002,True,0.125429256,0.174945404,5,narrow_passage,13,True,True,invalid_path,MEASURED,,,,,,56
,,1.0,,False,,False,,,,False,,,PRM,0.0,False,0.0,0.040287079,8,unreachable_joint_goal,5,True,True,invalid_goal,MEASURED,,,,,,
,,1.0,460,False,,False,,,,True,1,5.037941841711428,PRM,0.18475488199999998,True,0.184942888,0.234993479,5,narrow_passage,9,True,True,invalid_path,MEASURED,,,,,,75
0,671,1.0,348,True,True,True,,6.706000000000574,1.209514073,True,1,3.486439770393055,PRM,0.338606336,True,0.338786904,1.603129046,2,center_column,14,True,True,success,MEASURED,0.14583347882653225,0.11106819403332913,True,0.044463607001578746,4026,49
0,342,1.0,150,True,True,True,,3.414999999999735,0.650032048,True,1,1.3228722661659673,PRM,0.408578329,True,0.40867437,1.107264332,6,overhead_shelf,7,True,True,success,MEASURED,0.11564294667469799,0.0978422973538513,True,0.04990331894910898,2052,16
0,342,1.0,150,True,True,True,,3.414999999999735,0.614803098,True,1,1.3228787278679843,RRTConnect,0.011312029000000001,True,0.011369018,0.674064534,6,overhead_shelf,9,True,True,success,MEASURED,0.11564294667469799,0.0978424727156656,True,0.049903390900247174,2052,16
,,1.0,,False,,False,,,,False,,,RRTConnect,0.0,False,0.0,0.043897323,8,unreachable_joint_goal,7,True,True,invalid_goal,MEASURED,,,,,,
0,301,1.0,120,True,True,True,,3.0099999999997795,0.753252521,True,1,1.144556463309329,RRTConnect,0.001147096,True,0.001189736,0.801657561,1,open_reverse,17,True,True,success,MEASURED,0.134227401582657,0.11536296364239762,True,0.05254092961104619,1806,16
301,889,1.0,506,True,False,True,,8.890000000000512,1.255073926,True,1,5.274486719911702,PRM,0.062430681,True,0.062595001,1.378620799,5,narrow_passage,3,True,True,success,MEASURED,0.6335044557684191,0.5028437696673063,False,0.16923223651822344,5334,73
,,1.0,,False,,False,,,,False,,,RRTConnect,0.0,False,0.0,0.03967541,7,collision_goal,13,True,True,invalid_goal,MEASURED,,,,,,
,,1.0,410,False,,False,,,,True,1,4.618002207504788,RRTConnect,0.015765858,True,0.015957234,0.062097917,2,center_column,8,True,True,invalid_path,MEASURED,,,,,,72
,,1.0,,False,,False,,,,False,,,PRM,0.0,False,0.0,0.041913853,8,unreachable_joint_goal,3,True,True,invalid_goal,MEASURED,,,,,,
,,1.0,,False,,False,,,,False,,,PRM,0.0,False,0.0,0.036825654,9,blocked_start,0,True,False,invalid_start,MEASURED,,,,,,
,,1.0,,False,,False,,,,False,,,PRM,0.0,False,0.0,0.041229443,7,collision_goal,17,True,True,invalid_goal,MEASURED,,,,,,
,,1.0,,False,,False,,,,False,,,PRM,0.0,False,0.0,0.036225254,7,collision_goal,3,True,True,invalid_goal,MEASURED,,,,,,
,,1.0,,False,,False,,,,False,,,PRM,0.0,False,0.0,0.052099837,4,double_pillars,12,True,True,invalid_goal,MEASURED,,,,,,
147,381,1.0,156,True,False,True,,3.8079999999996916,0.636228333,True,1,1.4282950548595363,PRM,0.062917036,True,0.062997082,0.765008978,3,low_bar,4,True,True,success,MEASURED,1.0517093181198698,0.7290151357557866,False,0.25186609583688996,2286,14
0,301,1.0,120,True,True,True,,3.0099999999997795,0.5788648,True,1,1.1445467778590064,PRM,0.403006172,True,0.403063515,1.036738112,0,open_sweep,9,True,True,success,MEASURED,0.11564294667469799,0.09577378938536019,True,0.05027224640611632,1806,16
,,1.0,,False,,False,,,,False,,,RRTConnect,0.0,False,0.0,0.037069322,9,blocked_start,0,True,False,invalid_start,MEASURED,,,,,,
,,1.0,,False,,False,,,,False,,,PRM,0.0,False,0.0,0.035830633,9,blocked_start,8,True,False,invalid_start,MEASURED,,,,,,
0,301,1.0,120,True,True,True,,3.0099999999997795,0.587920056,True,1,1.144545834316878,RRTConnect,0.001302598,True,0.001353283,0.639490448,1,open_reverse,12,True,True,success,MEASURED,0.134227401582657,0.11536296426525317,True,0.05254087465035187,1806,16
0,301,1.0,120,True,True,True,,3.0099999999997795,0.577205742,True,1,1.1445525686581206,PRM,0.011171223000000001,True,0.011241651,0.637775577,1,open_reverse,19,True,True,success,MEASURED,0.134227401582657,0.11536284952957587,True,0.052540896106666395,1806,16
0,967,1.0,550,True,True,True,,9.663000000000084,1.222517483,True,1,5.952669265037622,RRTConnect,0.0048847579999999995,True,0.005079019,1.287921507,2,center_column,14,True,True,success,MEASURED,0.13263396665045274,0.08778780908418413,True,0.03754879601139506,5802,88
0,301,1.0,120,True,True,True,,3.0099999999997795,0.555571359,True,1,1.1445412170458062,RRTConnect,0.001608028,True,0.001657614,0.614020549,1,open_reverse,13,True,True,success,MEASURED,0.134227401582657,0.11536294457481588,True,0.05254085865462048,1806,16
0,342,1.0,150,True,True,True,,3.414999999999735,0.609347262,True,1,1.3228839208342285,RRTConnect,0.011119031,True,0.011175216,0.670411714,6,overhead_shelf,4,True,True,success,MEASURED,0.11564294667469799,0.0978424773809452,True,0.049903442567444514,2052,16
0,342,1.0,150,True,True,True,,3.414999999999735,0.602619677,True,1,1.3228831541715704,PRM,0.000855698,True,0.00090598,0.654406665,6,overhead_shelf,11,True,True,success,MEASURED,0.11564294667469799,0.097842273287436,True,0.049903330501361184,2052,16
,,1.0,,False,,False,,,,False,,,PRM,0.0,False,0.0,0.036967172,7,collision_goal,0,True,True,invalid_goal,MEASURED,,,,,,
,,1.0,,False,,False,,,,False,,,PRM,0.0,False,0.0,0.042193891,8,unreachable_joint_goal,8,True,True,invalid_goal,MEASURED,,,,,,
0,301,1.0,120,True,True,True,,3.0099999999997795,0.610337684,True,1,1.1445520821856512,PRM,0.260736015,True,0.260798344,0.924541612,1,open_reverse,13,True,True,success,MEASURED,0.134227401582657,0.11536337945680275,True,0.052541008697202345,1806,16
129,381,1.0,156,True,False,True,,3.8079999999996916,0.684475901,True,1,1.4282803778217916,PRM,0.402270213,True,0.402316389,1.135068416,3,low_bar,7,True,True,success,MEASURED,1.0516947171970026,0.7290039322022188,False,0.25186243883910175,2286,14
0,1071,1.0,614,True,True,True,,10.708999999999504,1.350610418,True,1,6.293149553802856,RRTConnect,0.003965066,True,0.004171365,1.414828354,2,center_column,9,True,True,success,MEASURED,0.706749823752956,0.6170412464588757,False,0.2175204998777799,6426,91
121,381,1.0,156,True,False,True,,3.8079999999996916,0.662053884,True,1,1.428278175732283,PRM,0.08837666200000001,True,0.088475234,0.811800586,3,low_bar,17,True,True,success,MEASURED,1.0516925846389071,0.7290022511308274,False,0.25186220778830626,2286,14
,,1.0,,False,,False,,,,False,,,RRTConnect,0.0,False,0.0,0.03989629,9,blocked_start,16,True,False,invalid_start,MEASURED,,,,,,
125,381,1.0,156,True,False,True,,3.8079999999996916,0.688556977,True,1,1.4282800452305884,RRTConnect,0.012171116999999999,True,0.012239136,0.754904766,3,low_bar,7,True,True,success,MEASURED,1.0516937152789516,0.729003134001085,False,0.2518625041312826,2286,14
0,342,1.0,150,True,True,True,,3.414999999999735,0.833934897,True,1,1.3228827407928265,PRM,0.40358963600000003,True,0.40365312,1.291487235,6,overhead_shelf,13,True,True,success,MEASURED,0.11564294667469799,0.0978421523255848,True,0.04990324618918198,2052,16
0,301,1.0,120,True,True,True,,3.0099999999997795,0.56132553,True,1,1.1445553147383305,PRM,0.005484386,True,0.00553862,0.620703798,1,open_reverse,18,True,True,success,MEASURED,0.134227401582657,0.11536308293658215,True,0.05254095114431999,1806,16
0,301,1.0,120,True,True,True,,3.0099999999997795,0.78274431,True,1,1.1445557505639938,PRM,0.38882694,True,0.388909295,1.226237574,0,open_sweep,4,True,True,success,MEASURED,0.11564294667469799,0.09577413677524049,True,0.05027242657673324,1806,16
0,301,1.0,120,True,True,True,,3.0099999999997795,0.809516605,True,1,1.1445503184085604,PRM,0.403683028,True,0.403744699,1.26272527,1,open_reverse,8,True,True,success,MEASURED,0.134227401582657,0.11536283078527076,True,0.05254086952721178,1806,16
,,1.0,,False,,False,,,,False,,,RRTConnect,0.0,False,0.0,0.041070646,8,unreachable_joint_goal,18,True,True,invalid_goal,MEASURED,,,,,,
3,499,1.0,255,True,False,True,,4.988,0.868351835,True,1,2.588996303646804,PRM,0.209741561,True,0.209843305,1.130911529,2,center_column,9,True,True,success,MEASURED,0.7161970491119796,0.7067652164988578,False,0.2360576789636658,2994,37
129,381,1.0,156,True,False,True,,3.8079999999996916,0.635964076,True,1,1.428295237216025,PRM,0.423589332,True,0.42364721,1.108207316,3,low_bar,9,True,True,success,MEASURED,1.0517098027405185,0.7290155399148606,False,0.2518659019670377,2286,14
,,1.0,,False,,False,,,,False,,,RRTConnect,0.0,False,0.0,0.036768621,4,double_pillars,19,True,True,invalid_goal,MEASURED,,,,,,
,,1.0,,False,,False,,,,False,,,RRTConnect,0.0,False,0.0,0.040872748,4,double_pillars,14,True,True,invalid_goal,MEASURED,,,,,,
0,975,1.0,644,True,True,True,,9.749000000000036,1.286443639,True,1,7.35865085682078,PRM,0.022752075,True,0.023023093,1.364322899,5,narrow_passage,10,True,True,success,MEASURED,0.1395289637595009,0.12095902208845244,True,0.05253172313913377,5850,119
,,1.0,,False,,False,,,,False,,,RRTConnect,0.0,False,0.0,0.040241167,4,double_pillars,12,True,True,invalid_goal,MEASURED,,,,,,
0,301,1.0,120,True,True,True,,3.0099999999997795,0.579152327,True,1,1.1445540225560342,PRM,0.101849879,True,0.101933662,0.726498727,0,open_sweep,3,True,True,success,MEASURED,0.11564294667469799,0.09577434449338429,True,0.050272496147608633,1806,16
,,1.0,,False,,False,,,,False,,,PRM,0.0,False,0.0,0.036730503,9,blocked_start,18,True,False,invalid_start,MEASURED,,,,,,
0,342,1.0,150,True,True,True,,3.414999999999735,0.668876109,True,1,1.3228798891949352,PRM,0.070833184,True,0.070934571,0.789312198,6,overhead_shelf,16,True,True,success,MEASURED,0.11564294667469799,0.09784245555448512,True,0.049903407493611156,2052,16
,,1.0,342,False,,False,,,,True,1,3.244118374689214,PRM,0.189096244,True,0.189225966,0.23476181,2,center_column,19,True,True,invalid_path,MEASURED,,,,,,44
0,707,1.0,431,True,True,True,,7.062000000000693,1.002003126,True,1,5.144344491337513,PRM,0.025466509,True,0.025647422,1.080438356,2,center_column,5,True,True,success,MEASURED,0.1488478111302011,0.11493044752802495,True,0.05471489246692794,4242,82
0,340,1.0,135,True,True,True,,3.3999999999997366,0.606191357,True,1,1.322873364293397,PRM,0.31806857299999997,True,0.318128744,0.977967842,6,overhead_shelf,3,True,True,success,MEASURED,0.11564294667469799,0.09780599948721713,True,0.04992302651208788,2040,16
,,1.0,,False,,False,,,,False,,,RRTConnect,0.0,False,0.0,0.040078371,9,blocked_start,5,True,False,invalid_start,MEASURED,,,,,,
123,381,1.0,156,True,False,True,,3.8079999999996916,0.75229848,True,1,1.4282930769062243,PRM,0.095364852,True,0.095418372,0.89800851,3,low_bar,6,True,True,success,MEASURED,1.0517079077743678,0.7290140476135916,False,0.251865666894889,2286,14
0,301,1.0,120,True,True,True,,3.0099999999997795,0.55296392,True,1,1.1445480513139352,RRTConnect,0.011743149,True,0.011801239,0.618569239,1,open_reverse,8,True,True,success,MEASURED,0.134227401582657,0.11536309060433403,True,0.05254099545653771,1806,16
0,301,1.0,120,True,True,True,,3.0099999999997795,0.547793999,True,1,1.1445539710080594,RRTConnect,0.011312892000000001,True,0.011365204,0.605933194,1,open_reverse,6,True,True,success,MEASURED,0.134227401582657,0.1153630076732659,True,0.052540942734458626,1806,16
,,1.0,,False,,False,,,,False,,,RRTConnect,0.0,False,0.0,0.040761048,7,collision_goal,4,True,True,invalid_goal,MEASURED,,,,,,
0,342,1.0,150,True,True,True,,3.414999999999735,0.754961592,True,1,1.3228852208680815,RRTConnect,0.0023434650000000003,True,0.00242832,0.811760754,6,overhead_shelf,3,True,True,success,MEASURED,0.11564294667469799,0.09784206467869705,True,0.04990320877992531,2052,16
,,1.0,,False,,False,,,,False,,,PRM,0.0,False,0.0,0.040539907,7,collision_goal,6,True,True,invalid_goal,MEASURED,,,,,,
0,301,1.0,120,True,True,True,,3.0099999999997795,0.572138088,True,1,1.1445455259850426,PRM,0.06424765099999999,True,0.064327596,0.690566886,1,open_reverse,17,True,True,success,MEASURED,0.134227401582657,0.1153632985145614,True,0.05254101070595173,1806,16
,,1.0,,False,,False,,,,False,,,PRM,0.0,False,0.0,0.038768303,7,collision_goal,5,True,True,invalid_goal,MEASURED,,,,,,
0,342,1.0,150,True,True,True,,3.414999999999735,0.636267134,True,1,1.3228779574763752,PRM,0.004512400000000001,True,0.00457221,0.693554695,6,overhead_shelf,2,True,True,success,MEASURED,0.11564294667469799,0.09784243507638002,True,0.04990339064823622,2052,16
0,340,1.0,135,True,True,True,,3.3999999999997366,0.607606638,True,1,1.3228658792419061,RRTConnect,0.011468211999999998,True,0.011537007,0.69140559,6,overhead_shelf,16,True,True,success,MEASURED,0.11564294667469799,0.09780590270772627,True,0.049922952407700075,2040,16
0,301,1.0,120,True,True,True,,3.0099999999997795,0.581383517,True,1,1.1445424481918816,PRM,0.059351729000000006,True,0.059444972,0.704100378,1,open_reverse,12,True,True,success,MEASURED,0.134227401582657,0.11536299114517978,True,0.05254091741658976,1806,16
0,342,1.0,150,True,True,True,,3.414999999999735,0.634401558,True,1,1.3228875977961398,PRM,0.217101028,True,0.217180303,0.901196074,6,overhead_shelf,10,True,True,success,MEASURED,0.11564294667469799,0.09784262384794329,True,0.04990348707146249,2052,16
0,301,1.0,120,True,True,True,,3.0099999999997795,0.637018672,True,1,1.1445441513188934,PRM,0.287069415,True,0.287138271,0.979962114,1,open_reverse,16,True,True,success,MEASURED,0.134227401582657,0.11536285248142264,True,0.052540894921606164,1806,16
,,1.0,,False,,False,,,,False,,,RRTConnect,0.0,False,0.0,0.03874646,4,double_pillars,6,True,True,invalid_goal,MEASURED,,,,,,
,,1.0,,False,,False,,,,False,,,RRTConnect,0.0,False,0.0,0.040505564,4,double_pillars,5,True,True,invalid_goal,MEASURED,,,,,,
,,1.0,,False,,False,,,,False,,,PRM,0.0,False,0.0,0.039856091,9,blocked_start,7,True,False,invalid_start,MEASURED,,,,,,
0,301,1.0,120,True,True,True,,3.0099999999997795,0.529893459,True,1,1.1445606796152472,RRTConnect,0.001351498,True,0.001396836,0.579469484,1,open_reverse,4,True,True,success,MEASURED,0.134227401582657,0.11536276764344722,True,0.052540826233233764,1806,16
,,1.0,,False,,False,,,,False,,,RRTConnect,0.0,False,0.0,0.041987243,7,collision_goal,17,True,True,invalid_goal,MEASURED,,,,,,
,,1.0,295,False,,False,,,,True,1,3.3745420238806334,PRM,0.302256402,True,0.302430359,0.35521236,2,center_column,15,True,True,invalid_path,MEASURED,,,,,,54
0,301,1.0,120,True,True,True,,3.0099999999997795,0.549099033,True,1,1.1445546932118311,PRM,0.17211331800000002,True,0.172205176,0.774759215,0,open_sweep,16,True,True,success,MEASURED,0.11564294667469799,0.09577471433892626,True,0.05027267303547887,1806,16
,,1.0,,False,,False,,,,False,,,RRTConnect,0.0,False,0.0,0.034832579,7,collision_goal,11,True,True,invalid_goal,MEASURED,,,,,,
,,1.0,,False,,False,,,,False,,,RRTConnect,0.0,False,0.0,0.040619861,7,collision_goal,12,True,True,invalid_goal,MEASURED,,,,,,
125,381,1.0,156,True,False,True,,3.8079999999996916,0.652451156,True,1,1.4282790166574506,RRTConnect,0.012568962,True,0.012623987,0.717721546,3,low_bar,9,True,True,success,MEASURED,1.0516952931201717,0.7290043619757867,False,0.2518623549009106,2286,14
,,1.0,,False,,False,,,,False,,,PRM,0.0,False,0.0,0.035583238,9,blocked_start,6,True,False,invalid_start,MEASURED,,,,,,
0,342,1.0,150,True,True,True,,3.414999999999735,0.581374673,True,1,1.3228837415551964,PRM,0.224295856,True,0.224373083,0.84948096,6,overhead_shelf,15,True,True,success,MEASURED,0.11564294667469799,0.09784260140413625,True,0.049903481262373074,2052,16
,,1.0,,False,,False,,,,False,,,PRM,0.0,False,0.0,0.045178133,7,collision_goal,18,True,True,invalid_goal,MEASURED,,,,,,
,,1.0,409,False,,False,,,,True,1,4.766135926727733,RRTConnect,0.005718564000000001,True,0.005874661,0.055206857,5,narrow_passage,3,True,True,invalid_path,MEASURED,,,,,,76
0,301,1.0,120,True,True,True,,3.0099999999997795,0.575695694,True,1,1.1445426681846793,RRTConnect,0.00117669,True,0.001222092,0.6273453,0,open_sweep,11,True,True,success,MEASURED,0.11564294667469799,0.09577382684238644,True,0.050272243782027444,1806,16
,,1.0,,False,,False,,,,False,,,RRTConnect,0.0,False,0.0,0.038745811,8,unreachable_joint_goal,10,True,True,invalid_goal,MEASURED,,,,,,
0,340,1.0,135,True,True,True,,3.3999999999997366,0.669273209,True,1,1.3228668882822627,RRTConnect,0.001308698,True,0.001354929,0.720597859,6,overhead_shelf,6,True,True,success,MEASURED,0.11564294667469799,0.09780611718055765,True,0.04992306492575338,2040,16
,,1.0,,False,,False,,,,False,,,RRTConnect,0.0,False,0.0,0.035958059,7,collision_goal,1,True,True,invalid_goal,MEASURED,,,,,,
0,301,1.0,120,True,True,True,,3.0099999999997795,0.590926229,True,1,1.1445477919141869,PRM,0.374853487,True,0.374938794,1.018678934,1,open_reverse,14,True,True,success,MEASURED,0.134227401582657,0.11536288506347203,True,0.05254083766841906,1806,16
0,918,1.0,557,True,True,True,,9.173000000000355,1.211915356,True,1,6.179420855388216,RRTConnect,0.005989924,True,0.006200227,1.293008564,5,narrow_passage,14,True,True,success,MEASURED,0.13013939351489223,0.10360220187507485,True,0.04601133035171533,5508,99
0,340,1.0,135,True,True,True,,3.3999999999997366,0.599197641,True,1,1.3228695548882574,RRTConnect,0.0012812079999999998,True,0.001327223,0.647502341,6,overhead_shelf,5,True,True,success,MEASURED,0.11564294667469799,0.0978059037851019,True,0.04992297354306843,2040,16
,,1.0,,False,,False,,,,False,,,PRM,0.0,False,0.0,0.037550973,9,blocked_start,9,True,False,invalid_start,MEASURED,,,,,,
,,1.0,,False,,False,,,,False,,,PRM,0.0,False,0.0,0.045475656,7,collision_goal,10,True,True,invalid_goal,MEASURED,,,,,,
0,301,1.0,120,True,True,True,,3.0099999999997795,0.640163189,True,1,1.1445480305986666,RRTConnect,0.001246422,True,0.001292046,0.69037801,1,open_reverse,15,True,True,success,MEASURED,0.134227401582657,0.11536306029404098,True,0.05254082801804802,1806,16
0,301,1.0,120,True,True,True,,3.0099999999997795,0.552829372,True,1,1.1445517321668432,RRTConnect,0.000988811,True,0.001035879,0.600950397,0,open_sweep,7,True,True,success,MEASURED,0.11564294667469799,0.09577399306396805,True,0.05027240408101253,1806,16
0,784,1.0,467,True,True,True,,7.837000000000952,1.046336014,True,1,5.317843301348703,RRTConnect,0.013891609000000001,True,0.014061979,1.115994011,5,narrow_passage,16,True,True,success,MEASURED,0.1313268879466326,0.10446869824152283,True,0.04084100089430914,4704,83
,,1.0,,False,,False,,,,False,,,PRM,0.0,False,0.0,0.038175824,4,double_pillars,10,True,True,invalid_goal,MEASURED,,,,,,
0,707,1.0,412,True,True,True,,7.063000000000693,1.026664796,True,1,4.188167611573915,PRM,0.15267400199999998,True,0.152865553,1.238209217,5,narrow_passage,11,True,True,success,MEASURED,0.14364937824275098,0.1209187225945989,True,0.048009606691685684,4242,65
0,301,1.0,120,True,True,True,,3.0099999999997795,0.584949065,True,1,1.1445534159008588,PRM,0.413359344,True,0.413404674,1.047186273,0,open_sweep,12,True,True,success,MEASURED,0.11564294667469799,0.0957738944023353,True,0.05027233069816503,1806,16
,,1.0,,False,,False,,,,False,,,RRTConnect,0.0,False,0.0,0.037396536,8,unreachable_joint_goal,15,True,True,invalid_goal,MEASURED,,,,,,
,,1.0,,False,,False,,,,False,,,RRTConnect,0.0,False,0.0,0.035738424,9,blocked_start,13,True,False,invalid_start,MEASURED,,,,,,
,,1.0,334,False,,False,,,,True,1,3.278627257270966,PRM,0.229486728,True,0.229632746,0.275858589,2,center_column,0,True,True,invalid_path,MEASURED,,,,,,49
0,301,1.0,120,True,True,True,,3.0099999999997795,0.758111382,True,1,1.1445514717315992,RRTConnect,0.001446288,True,0.001496615,0.813198753,0,open_sweep,1,True,True,success,MEASURED,0.11564294667469799,0.0957738160694257,True,0.05027229933612782,1806,16
269,931,1.0,538,True,False,True,,9.31000000000028,1.224265122,True,1,5.370317750667153,RRTConnect,0.003738272,True,0.003906311,1.281844296,5,narrow_passage,17,True,True,success,MEASURED,1.2336593082007223,0.8875434292378197,False,0.3088404207658842,5586,80
,,1.0,,False,,False,,,,False,,,RRTConnect,0.0,False,0.0,0.037188637,7,collision_goal,18,True,True,invalid_goal,MEASURED,,,,,,
,,1.0,,False,,False,,,,False,,,PRM,0.0,False,0.0,0.038025744,9,blocked_start,19,True,False,invalid_start,MEASURED,,,,,,
0,301,1.0,120,True,True,True,,3.0099999999997795,0.55836549,True,1,1.1445491246841386,RRTConnect,0.002016443,True,0.002077053,0.613480333,0,open_sweep,17,True,True,success,MEASURED,0.11564294667469799,0.0957739448689362,True,0.05027231622226752,1806,16
0,986,1.0,603,True,True,True,,9.857999999999976,1.300716379,True,1,6.135237642953813,RRTConnect,0.005345096,True,0.005537941,1.378916903,2,center_column,1,True,True,success,MEASURED,0.1459127912375182,0.13112352765386054,True,0.05633830653814042,5916,97
0,301,1.0,120,True,True,True,,3.0099999999997795,0.672908188,True,1,1.1445483847646107,RRTConnect,0.0013902019999999999,True,0.001448042,0.733157764,0,open_sweep,12,True,True,success,MEASURED,0.11564294667469799,0.09577423197615909,True,0.05027240065426681,1806,16
,,1.0,,False,,False,,,,False,,,PRM,0.0,False,0.0,0.03967076,4,double_pillars,5,True,True,invalid_goal,MEASURED,,,,,,
0,301,1.0,120,True,True,True,,3.0099999999997795,0.546980505,True,1,1.1445458747161754,RRTConnect,0.001768674,True,0.001829164,0.608652431,1,open_reverse,7,True,True,success,MEASURED,0.134227401582657,0.11536297329736778,True,0.052540937103474704,1806,16
0,869,1.0,525,True,True,True,,8.689000000000624,1.232534541,True,1,5.5628428896198665,RRTConnect,0.017413230000000002,True,0.017618544,1.31990964,2,center_column,7,True,True,success,MEASURED,0.13173718421857933,0.09616955563360477,True,0.04032858507758804,5214,82
,,1.0,,False,,False,,,,False,,,PRM,0.0,False,0.0,0.038662909,8,unreachable_joint_goal,19,True,True,invalid_goal,MEASURED,,,,,,
0,301,1.0,120,True,True,True,,3.0099999999997795,0.549172717,True,1,1.1445493719862259,PRM,0.087948245,True,0.088058538,0.692463752,1,open_reverse,2,True,True,success,MEASURED,0.134227401582657,0.11536326470748526,True,0.052540883380607965,1806,16
2,944,1.0,565,True,False,True,,9.43500000000021,1.252109822,True,1,7.402615243535572,RRTConnect,0.006095159,True,0.006332175,1.320965336,2,center_column,13,True,True,success,MEASURED,0.11570471578706931,0.10359455891859137,True,0.0477029548188767,5664,114
0,340,1.0,135,True,True,True,,3.3999999999997366,0.71264933,True,1,1.3228737238357684,RRTConnect,0.012142056,True,0.012215504,0.778776495,6,overhead_shelf,2,True,True,success,MEASURED,0.11564294667469799,0.09780618843317412,True,0.049923108550450936,2040,16
0,301,1.0,120,True,True,True,,3.0099999999997795,0.612055399,True,1,1.1445409656397922,RRTConnect,0.002218977,True,0.002303378,0.669335279,1,open_reverse,1,True,True,success,MEASURED,0.134227401582657,0.11536323299308449,True,0.052541001642165915,1806,16
,,1.0,,False,,False,,,,False,,,PRM,0.0,False,0.0,0.060776915,7,collision_goal,9,True,True,invalid_goal,MEASURED,,,,,,
121,975,1.0,567,True,False,True,,9.744000000000039,1.285284107,True,1,6.822065172104636,RRTConnect,0.015987845,True,0.016226877,1.365458401,5,narrow_passage,13,True,True,success,MEASURED,0.49586828138311967,0.32660153870204367,True,0.11663296919003946,5850,104
0,301,1.0,120,True,True,True,,3.0099999999997795,0.57449345,True,1,1.1445574667363199,PRM,0.413517251,True,0.41359038,1.043793038,1,open_reverse,1,True,True,success,MEASURED,0.134227401582657,0.11536273170567524,True,0.052540770891436814,1806,16
,,1.0,,False,,False,,,,False,,,PRM,0.0,False,0.0,0.037881554,8,unreachable_joint_goal,18,True,True,invalid_goal,MEASURED,,,,,,
0,755,1.0,432,True,True,True,,7.545000000000854,1.023315567,True,1,4.691126120444283,RRTConnect,0.004519824,True,0.004674306,1.085352657,2,center_column,17,True,True,success,MEASURED,0.13252780866980418,0.11486421904333927,True,0.04676143162669431,4530,69
,,1.0,,False,,False,,,,False,,,PRM,0.0,False,0.0,0.04520723,4,double_pillars,9,True,True,invalid_goal,MEASURED,,,,,,
,,1.0,,False,,False,,,,False,,,PRM,0.0,False,0.0,0.048995881,7,collision_goal,12,True,True,invalid_goal,MEASURED,,,,,,
0,301,1.0,120,True,True,True,,3.0099999999997795,0.58105285,True,1,1.1445491383679902,RRTConnect,0.0018658540000000001,True,0.001927562,0.639225033,1,open_reverse,3,True,True,success,MEASURED,0.134227401582657,0.11536325011262749,True,0.05254090908266068,1806,16
,,1.0,,False,,False,,,,False,,,PRM,0.0,False,0.0,0.04038816,4,double_pillars,1,True,True,invalid_goal,MEASURED,,,,,,
,,1.0,,False,,False,,,,False,,,PRM,0.0,False,0.0,0.040221839,7,collision_goal,15,True,True,invalid_goal,MEASURED,,,,,,
389,965,1.0,576,True,False,True,,9.641000000000096,1.32798903,True,1,6.589107665302617,RRTConnect,0.007579678,True,0.007794214,1.400601067,5,narrow_passage,10,True,True,success,MEASURED,1.2161350085197193,0.8125653886877937,False,0.3054397224580855,5790,99
,,1.0,,False,,False,,,,False,,,RRTConnect,0.0,False,0.0,0.036801218,4,double_pillars,1,True,True,invalid_goal,MEASURED,,,,,,
0,776,1.0,434,True,True,True,,7.754000000000924,1.05915677,True,1,4.399642794929247,PRM,0.069000667,True,0.069152013,1.188584479,5,narrow_passage,15,True,True,success,MEASURED,0.14024570910416578,0.09531550548174755,True,0.03800530360649222,4656,64
146,381,1.0,156,True,False,True,,3.8079999999996916,0.640999962,True,1,1.4282919258111437,RRTConnect,0.011244877,True,0.011398646,0.701493537,3,low_bar,6,True,True,success,MEASURED,1.0517088105396164,0.7290147642977309,False,0.25186541497626336,2286,14
124,381,1.0,156,True,False,True,,3.8079999999996916,0.877132451,True,1,1.4282870016540468,RRTConnect,0.011890982,True,0.011944407,0.945856022,3,low_bar,4,True,True,success,MEASURED,1.051702784390943,0.7290100999535387,False,0.2518643618359582,2286,14
,,1.0,378,False,,False,,,,True,1,3.8461569097246007,RRTConnect,0.022945555,True,0.023098036,0.075308386,2,center_column,6,True,True,invalid_path,MEASURED,,,,,,57
,,1.0,400,False,,False,,,,True,1,4.844897736331773,PRM,0.015869661,True,0.01608782,0.074321006,2,center_column,17,True,True,invalid_path,MEASURED,,,,,,78
0,301,1.0,120,True,True,True,,3.0099999999997795,0.771309161,True,1,1.1445533955099216,RRTConnect,0.001239828,True,0.001287534,0.821483469,1,open_reverse,11,True,True,success,MEASURED,0.134227401582657,0.11536343469784305,True,0.05254105247107372,1806,16
0,301,1.0,120,True,True,True,,3.0099999999997795,0.588890472,True,1,1.1445525021651015,RRTConnect,0.0009660789999999999,True,0.001009518,0.637707482,0,open_sweep,2,True,True,success,MEASURED,0.11564294667469799,0.09577398720586927,True,0.05027240999814181,1806,16
0,301,1.0,120,True,True,True,,3.0099999999997795,0.609345971,True,1,1.1445481878595036,PRM,0.194424963,True,0.194504676,0.856956553,1,open_reverse,7,True,True,success,MEASURED,0.134227401582657,0.11536322390551923,True,0.05254084426353792,1806,16
0,763,1.0,406,True,True,True,,7.62200000000088,1.072612087,True,1,3.9076628461397354,PRM,0.193024423,True,0.193154793,1.31653951,5,narrow_passage,5,True,True,success,MEASURED,0.14285275737747705,0.11667736980658333,True,0.04561005451166644,4578,54
0,682,1.0,383,True,True,True,,6.81200000000061,1.168548997,True,1,4.027764502683041,PRM,0.245285245,True,0.24543584,1.465291464,2,center_column,16,True,True,success,MEASURED,0.1463834227847718,0.11042511685871759,True,0.04861420854967983,4092,60
0,1180,1.0,690,True,True,True,,11.794999999998902,1.488887679,True,1,8.206314765135893,RRTConnect,0.010493963,True,0.010856698,1.565869565,5,narrow_passage,9,True,True,success,MEASURED,0.14351802300138689,0.11886993532955503,True,0.05264792401840751,7080,124
0,301,1.0,120,True,True,True,,3.0099999999997795,0.560323153,True,1,1.1445510581525544,RRTConnect,0.01167078,True,0.011733192,0.631542441,0,open_sweep,16,True,True,success,MEASURED,0.11564294667469799,0.09577418493421752,True,0.050272419622123504,1806,16
,,1.0,,False,,False,,,,False,,,PRM,0.0,False,0.0,0.035339123,8,unreachable_joint_goal,0,True,True,invalid_goal,MEASURED,,,,,,
0,340,1.0,135,True,True,True,,3.3999999999997366,0.835299011,True,1,1.3228727861712115,PRM,0.33145872400000004,True,0.33153344,1.219498494,6,overhead_shelf,14,True,True,success,MEASURED,0.11564294667469799,0.09780602033073293,True,0.0499229924032785,2040,16
,,1.0,,False,,False,,,,False,,,RRTConnect,0.0,False,0.0,0.039891227,8,unreachable_joint_goal,12,True,True,invalid_goal,MEASURED,,,,,,
,,1.0,,False,,False,,,,False,,,PRM,0.0,False,0.0,0.041399465,7,collision_goal,8,True,True,invalid_goal,MEASURED,,,,,,
,,1.0,,False,,False,,,,False,,,PRM,0.0,False,0.0,0.034103281,8,unreachable_joint_goal,7,True,True,invalid_goal,MEASURED,,,,,,
0,301,1.0,120,True,True,True,,3.0099999999997795,0.645507033,True,1,1.144557360881393,PRM,0.005039463,True,0.005091028,0.705898265,0,open_sweep,15,True,True,success,MEASURED,0.11564294667469799,0.09577381544370567,True,0.0502723080571198,1806,16
0,301,1.0,120,True,True,True,,3.0099999999997795,0.513067013,True,1,1.1445469653729279,PRM,0.272839107,True,0.272917995,0.832661575,1,open_reverse,0,True,True,success,MEASURED,0.134227401582657,0.11536316568774896,True,0.052540822944596,1806,16
,,1.0,,False,,False,,,,False,,,RRTConnect,0.0,False,0.0,0.039375652,4,double_pillars,9,True,True,invalid_goal,MEASURED,,,,,,
,,1.0,,False,,False,,,,False,,,PRM,0.0,False,0.0,0.040017828,8,unreachable_joint_goal,2,True,True,invalid_goal,MEASURED,,,,,,
,,1.0,,False,,False,,,,False,,,PRM,0.0,False,0.0,0.035751684,8,unreachable_joint_goal,1,True,True,invalid_goal,MEASURED,,,,,,
144,381,1.0,156,True,False,True,,3.8079999999996916,0.673047516,True,1,1.4282787591654498,RRTConnect,0.001344544,True,0.001385844,0.72444457,3,low_bar,3,True,True,success,MEASURED,1.05169279364166,0.7290023911240946,False,0.2518624674615215,2286,14
,,1.0,,False,,False,,,,False,,,RRTConnect,0.0,False,0.0,0.040319245,9,blocked_start,15,True,False,invalid_start,MEASURED,,,,,,
,,1.0,587,False,,False,,,,True,1,6.084022092975869,RRTConnect,0.00573459,True,0.005945639,0.062493898,5,narrow_passage,1,True,True,invalid_path,MEASURED,,,,,,92
,,1.0,,False,,False,,,,False,,,RRTConnect,0.0,False,0.0,0.051734521,7,collision_goal,19,True,True,invalid_goal,MEASURED,,,,,,
0,682,1.0,389,True,True,True,,6.811000000000609,0.951286346,True,1,4.733360923938584,RRTConnect,0.003933077,True,0.004120485,1.011293856,2,center_column,2,True,True,success,MEASURED,0.14603824382433195,0.11079887628588536,True,0.045643474464814975,4092,72
,,1.0,,False,,False,,,,False,,,PRM,0.0,False,0.0,0.037001156,8,unreachable_joint_goal,9,True,True,invalid_goal,MEASURED,,,,,,
0,301,1.0,120,True,True,True,,3.0099999999997795,0.567798758,True,1,1.144560069626546,RRTConnect,0.011186774,True,0.011248033,0.63329595,0,open_sweep,9,True,True,success,MEASURED,0.11564294667469799,0.09577397356057082,True,0.050272397543914105,1806,16
,,1.0,,False,,False,,,,False,,,RRTConnect,0.0,False,0.0,0.041286001,9,blocked_start,4,True,False,invalid_start,MEASURED,,,,,,
,,1.0,,False,,False,,,,False,,,PRM,0.0,False,0.0,0.037750452,8,unreachable_joint_goal,12,True,True,invalid_goal,MEASURED,,,,,,
,,1.0,,False,,False,,,,False,,,RRTConnect,0.0,False,0.0,0.036897717,9,blocked_start,1,True,False,invalid_start,MEASURED,,,,,,
,,1.0,,False,,False,,,,False,,,RRTConnect,0.0,False,0.0,0.041681409,9,blocked_start,12,True,False,invalid_start,MEASURED,,,,,,
,,1.0,507,False,,False,,,,True,1,5.640220757121205,RRTConnect,0.004700681,True,0.004885738,0.050969367,2,center_column,15,True,True,invalid_path,MEASURED,,,,,,83
0,340,1.0,135,True,True,True,,3.3999999999997366,0.665096158,True,1,1.3228677790950147,RRTConnect,0.011941701999999998,True,0.012097047,0.730647106,6,overhead_shelf,14,True,True,success,MEASURED,0.11564294667469799,0.09780589667951756,True,0.04992293343771867,2040,16
0,340,1.0,135,True,True,True,,3.3999999999997366,0.631971084,True,1,1.3228714967838677,PRM,0.001025976,True,0.001085729,0.695249181,6,overhead_shelf,5,True,True,success,MEASURED,0.11564294667469799,0.09780599418615399,True,0.04992301965591555,2040,16
0,301,1.0,120,True,True,True,,3.0099999999997795,0.577240378,True,1,1.144552662394202,PRM,0.014120274,True,0.014184247,0.639514555,1,open_reverse,4,True,True,success,MEASURED,0.134227401582657,0.11536298770045772,True,0.05254088143995143,1806,16
,,1.0,,False,,False,,,,False,,,RRTConnect,0.0,False,0.0,0.041650816,4,double_pillars,3,True,True,invalid_goal,MEASURED,,,,,,
,,1.0,432,False,,False,,,,True,1,4.84383403923911,RRTConnect,0.0041534499999999995,True,0.00430524,0.053104803,5,narrow_passage,5,True,True,invalid_path,MEASURED,,,,,,70
0,301,1.0,120,True,True,True,,3.0099999999997795,0.557574316,True,1,1.1445556833103814,PRM,0.087174149,True,0.087248978,0.69562819,1,open_reverse,15,True,True,success,MEASURED,0.134227401582657,0.11536324053037206,True,0.05254098656876562,1806,16
,,1.0,,False,,False,,,,False,,,RRTConnect,0.0,False,0.0,0.038620975,7,collision_goal,6,True,True,invalid_goal,MEASURED,,,,,,
,,1.0,,False,,False,,,,False,,,RRTConnect,0.0,False,0.0,0.04164526,8,unreachable_joint_goal,4,True,True,invalid_goal,MEASURED,,,,,,
0,746,1.0,448,True,True,True,,7.453000000000824,0.992039863,True,1,4.82017359313854,RRTConnect,0.015713233,True,0.015962967,1.061652113,2,center_column,12,True,True,success,MEASURED,0.14528095168697358,0.12530482930289455,True,0.055104806782757094,4476,76
,,1.0,,False,,False,,,,False,,,RRTConnect,0.0,False,0.0,0.040678866,9,blocked_start,10,True,False,invalid_start,MEASURED,,,,,,
,,1.0,,False,,False,,,,False,,,RRTConnect,0.0,False,0.0,0.046278047,4,double_pillars,8,True,True,invalid_goal,MEASURED,,,,,,
0,301,1.0,120,True,True,True,,3.0099999999997795,0.570627049,True,1,1.1445538737945227,PRM,0.194180747,True,0.194254025,0.815089495,1,open_reverse,9,True,True,success,MEASURED,0.134227401582657,0.11536319795211769,True,0.05254096558362877,1806,16
,,1.0,,False,,False,,,,False,,,RRTConnect,0.0,False,0.0,0.036157284,9,blocked_start,2,True,False,invalid_start,MEASURED,,,,,,
,,1.0,,False,,False,,,,False,,,RRTConnect,0.0,False,0.0,0.041686794,7,collision_goal,2,True,True,invalid_goal,MEASURED,,,,,,
0,723,1.0,435,True,True,True,,7.230000000000749,1.037529019,True,1,4.980023788228702,RRTConnect,0.0038386609999999997,True,0.004047238,1.116908738,5,narrow_passage,4,True,True,success,MEASURED,0.14770229673479285,0.13281672776883652,True,0.052932160024172614,4338,80
0,301,1.0,120,True,True,True,,3.0099999999997795,0.546106221,True,1,1.1445460025776901,RRTConnect,0.000975025,True,0.001024159,0.598898671,0,open_sweep,8,True,True,success,MEASURED,0.11564294667469799,0.09577412586787537,True,0.05027240599115539,1806,16
,,1.0,495,False,,False,,,,True,1,5.078395405028438,PRM,0.092616898,True,0.092793218,0.138603622,2,center_column,6,True,True,invalid_path,MEASURED,,,,,,71
,,1.0,,False,,False,,,,False,,,PRM,0.0,False,0.0,0.039784378,4,double_pillars,3,True,True,invalid_goal,MEASURED,,,,,,
0,301,1.0,120,True,True,True,,3.0099999999997795,0.708697053,True,1,1.1445524394844548,RRTConnect,0.001433878,True,0.001480745,0.758404394,1,open_reverse,0,True,True,success,MEASURED,0.134227401582657,0.11536306330560675,True,0.05254085307875505,1806,16
0,301,1.0,120,True,True,True,,3.0099999999997795,0.56955551,True,1,1.1445460298018648,PRM,0.001722061,True,0.001776707,0.629004393,0,open_sweep,13,True,True,success,MEASURED,0.11564294667469799,0.09577437445607573,True,0.05027252375567736,1806,16
,,1.0,,False,,False,,,,False,,,PRM,0.0,False,0.0,0.041364256,7,collision_goal,19,True,True,invalid_goal,MEASURED,,,,,,
,,1.0,396,False,,False,,,,True,1,4.45912920002481,RRTConnect,0.014322446,True,0.01449411,0.06359726,5,narrow_passage,19,True,True,invalid_path,MEASURED,,,,,,71
0,301,1.0,120,True,True,True,,3.0099999999997795,0.598041105,True,1,1.1445602603735645,PRM,0.01127409,True,0.011326016,0.665302761,0,open_sweep,19,True,True,success,MEASURED,0.11564294667469799,0.09577427111396308,True,0.05027250375862067,1806,16
0,956,1.0,592,True,True,True,,9.552000000000145,1.309245442,True,1,6.538791756930152,PRM,0.008944253,True,0.009171097,1.381057012,5,narrow_passage,4,True,True,success,MEASURED,0.13013543484462808,0.11814887760671533,True,0.04976944387261011,5736,104
,,1.0,472,False,,False,,,,True,1,5.455473141005545,RRTConnect,0.016013384,True,0.016219188,0.070103143,2,center_column,16,True,True,invalid_path,MEASURED,,,,,,80
,,1.0,,False,,False,,,,False,,,RRTConnect,0.0,False,0.0,0.040848832,8,unreachable_joint_goal,17,True,True,invalid_goal,MEASURED,,,,,,
0,301,1.0,120,True,True,True,,3.0099999999997795,0.588819922,True,1,1.1445561390341268,PRM,0.011191649000000001,True,0.0112479,0.653695191,1,open_reverse,5,True,True,success,MEASURED,0.134227401582657,0.11536310989013032,True,0.05254095961671097,1806,16
,,1.0,,False,,False,,,,False,,,RRTConnect,0.0,False,0.0,0.042638988,9,blocked_start,6,True,False,invalid_start,MEASURED,,,,,,
,,1.0,,False,,False,,,,False,,,PRM,0.0,False,0.0,0.045370225,7,collision_goal,13,True,True,invalid_goal,MEASURED,,,,,,
,,1.0,,False,,False,,,,False,,,RRTConnect,0.0,False,0.0,0.040573849,7,collision_goal,0,True,True,invalid_goal,MEASURED,,,,,,
,,1.0,443,False,,False,,,,True,1,4.5285381764140284,RRTConnect,0.003753083,True,0.003887956,0.056133308,2,center_column,11,True,True,invalid_path,MEASURED,,,,,,63
,,1.0,,False,,False,,,,False,,,RRTConnect,0.0,False,0.0,0.038713554,9,blocked_start,8,True,False,invalid_start,MEASURED,,,,,,
,,1.0,,False,,False,,,,False,,,PRM,0.0,False,0.0,0.044440534,4,double_pillars,19,True,True,invalid_goal,MEASURED,,,,,,
0,301,1.0,120,True,True,True,,3.0099999999997795,0.618362678,True,1,1.1445575387967521,RRTConnect,0.0010546050000000001,True,0.001097897,0.665137456,1,open_reverse,9,True,True,success,MEASURED,0.134227401582657,0.11536310236932823,True,0.052540935700525246,1806,16
0,342,1.0,150,True,True,True,,3.414999999999735,0.651789005,True,1,1.3228783582512416,PRM,0.021583938,True,0.021643031,0.724922712,6,overhead_shelf,19,True,True,success,MEASURED,0.11564294667469799,0.0978422899841308,True,0.04990329371073968,2052,16
0,301,1.0,120,True,True,True,,3.0099999999997795,0.588714329,True,1,1.1445421968936136,PRM,0.403287879,True,0.403352653,1.052785688,0,open_sweep,1,True,True,success,MEASURED,0.11564294667469799,0.09577413663669698,True,0.05027237973281249,1806,16
0,301,1.0,120,True,True,True,,3.0099999999997795,0.561412787,True,1,1.1445530127172727,RRTConnect,0.00145286,True,0.001499597,0.615971928,0,open_sweep,4,True,True,success,MEASURED,0.11564294667469799,0.09577446787231514,True,0.050272545840923714,1806,16
,,1.0,,False,,False,,,,False,,,RRTConnect,0.0,False,0.0,0.039413168,8,unreachable_joint_goal,11,True,True,invalid_goal,MEASURED,,,,,,
0,625,1.0,355,True,True,True,,6.24500000000042,0.97066003,True,1,3.5304440730329083,PRM,0.069514955,True,0.069769304,1.098390416,2,center_column,7,True,True,success,MEASURED,0.14601524863125448,0.11154523552825635,True,0.0473142601272325,3750,55
0,340,1.0,135,True,True,True,,3.3999999999997366,0.596695641,True,1,1.3228690755002948,PRM,0.090078687,True,0.090164464,0.736127826,6,overhead_shelf,4,True,True,success,MEASURED,0.11564294667469799,0.09780618523988738,True,0.0499230869264809,2040,16
0,301,1.0,120,True,True,True,,3.0099999999997795,0.537252929,True,1,1.144552872840479,RRTConnect,0.001077263,True,0.001130905,0.589954183,1,open_reverse,14,True,True,success,MEASURED,0.134227401582657,0.11536283507338174,True,0.052540936068873376,1806,16
,,1.0,,False,,False,,,,False,,,RRTConnect,0.0,False,0.0,0.045889882,4,double_pillars,11,True,True,invalid_goal,MEASURED,,,,,,
149,381,1.0,156,True,False,True,,3.8079999999996916,0.898354808,True,1,1.4282773622907077,PRM,0.019815186999999998,True,0.019879675,0.978758001,3,low_bar,2,True,True,success,MEASURED,1.0516903973131169,0.7290005852503205,False,0.25186183960371583,2286,14
482,924,1.0,520,True,False,True,,9.23600000000032,1.326800939,True,1,6.166491911375565,RRTConnect,0.005987696,True,0.00620224,1.404427614,5,narrow_passage,12,True,True,success,MEASURED,1.1459010673394614,0.7697490732888033,False,0.3124844072897762,5544,94
0,301,1.0,120,True,True,True,,3.0099999999997795,0.545936085,True,1,1.1445544654773119,PRM,0.19174151900000003,True,0.19181002,0.791907967,0,open_sweep,14,True,True,success,MEASURED,0.11564294667469799,0.09577405693747032,True,0.05027242742916002,1806,16
,,1.0,,False,,False,,,,False,,,RRTConnect,0.0,False,0.0,0.043216459,7,collision_goal,10,True,True,invalid_goal,MEASURED,,,,,,
,,1.0,470,False,,False,,,,True,1,5.299359155220307,RRTConnect,0.0038807850000000003,True,0.004041684,0.055987029,5,narrow_passage,11,True,True,invalid_path,MEASURED,,,,,,77
0,301,1.0,120,True,True,True,,3.0099999999997795,0.640993781,True,1,1.1445547013059159,RRTConnect,0.001654448,True,0.001706442,0.692188153,0,open_sweep,15,True,True,success,MEASURED,0.11564294667469799,0.09577444634678778,True,0.05027256281507508,1806,16
,,1.0,,False,,False,,,,False,,,RRTConnect,0.0,False,0.0,0.044065268,9,blocked_start,9,True,False,invalid_start,MEASURED,,,,,,
,,1.0,326,False,,False,,,,True,1,3.099444547685907,PRM,0.238715802,True,0.238836553,0.291699124,2,center_column,8,True,True,invalid_path,MEASURED,,,,,,43
119,784,1.0,417,True,False,True,,7.838000000000952,1.156044868,True,1,4.208034758038819,PRM,0.25930878700000004,True,0.259490068,1.474992468,5,narrow_passage,12,True,True,success,MEASURED,1.189308590873406,0.7758304694989089,False,0.298837189430399,4704,60
0,301,1.0,120,True,True,True,,3.0099999999997795,0.545952638,True,1,1.1445526728200355,PRM,0.302235662,True,0.302332771,0.901890202,0,open_sweep,10,True,True,success,MEASURED,0.11564294667469799,0.09577438610116518,True,0.05027253731943234,1806,16
0,301,1.0,120,True,True,True,,3.0099999999997795,0.6229047,True,1,1.144547023493232,PRM,0.11447856699999999,True,0.114543107,0.797589735,0,open_sweep,18,True,True,success,MEASURED,0.11564294667469799,0.09577410242566153,True,0.05027241943230085,1806,16
129,381,1.0,156,True,False,True,,3.8079999999996916,0.675184835,True,1,1.4282844451117693,RRTConnect,0.00136847,True,0.001421305,0.73505592,3,low_bar,13,True,True,success,MEASURED,1.0516994969742703,0.7290075830278842,False,0.25186361702515436,2286,14
0,342,1.0,150,True,True,True,,3.414999999999735,0.659570903,True,1,1.322882455963031,PRM,0.010909963,True,0.01097253,0.726999994,6,overhead_shelf,6,True,True,success,MEASURED,0.11564294667469799,0.09784232155886008,True,0.049903326892142205,2052,16
,,1.0,,False,,False,,,,False,,,RRTConnect,0.0,False,0.0,0.040741579,4,double_pillars,16,True,True,invalid_goal,MEASURED,,,,,,
,,1.0,409,False,,False,,,,True,1,4.4453696853491484,PRM,0.39032742400000003,True,0.390479626,0.442206002,5,narrow_passage,16,True,True,invalid_path,MEASURED,,,,,,64
,,1.0,,False,,False,,,,False,,,PRM,0.0,False,0.0,0.036352917,9,blocked_start,13,True,False,invalid_start,MEASURED,,,,,,
0,732,1.0,458,True,True,True,,7.320000000000779,1.084243958,True,1,5.361002191359131,PRM,0.11213334800000001,True,0.112358476,1.253721217,5,narrow_passage,1,True,True,success,MEASURED,0.14017410987545453,0.09671357639621014,True,0.04031458465135629,4392,87
,,1.0,,False,,False,,,,False,,,PRM,0.0,False,0.0,0.040702533,9,blocked_start,15,True,False,invalid_start,MEASURED,,,,,,
197,755,1.0,424,True,False,True,,7.548000000000855,1.128377952,True,1,4.348797540104751,RRTConnect,0.0036302239999999996,True,0.003755361,1.196224041,5,narrow_passage,8,True,True,success,MEASURED,1.1719806844754188,0.7221257358880677,False,0.2967064458683517,4530,64
0,340,1.0,135,True,True,True,,3.3999999999997366,0.584818389,True,1,1.3228680003863889,RRTConnect,0.011571137,True,0.011633008,0.643581215,6,overhead_shelf,1,True,True,success,MEASURED,0.11564294667469799,0.09780614822768063,True,0.0499230857561217,2040,16
,,1.0,,False,,False,,,,False,,,PRM,0.0,False,0.0,0.038447414,8,unreachable_joint_goal,17,True,True,invalid_goal,MEASURED,,,,,,
,,1.0,,False,,False,,,,False,,,RRTConnect,0.0,False,0.0,0.040102642,8,unreachable_joint_goal,9,True,True,invalid_goal,MEASURED,,,,,,
,,1.0,,False,,False,,,,False,,,PRM,0.0,False,0.0,0.041808596,8,unreachable_joint_goal,4,True,True,invalid_goal,MEASURED,,,,,,
0,301,1.0,120,True,True,True,,3.0099999999997795,0.539281073,True,1,1.1445438628963602,RRTConnect,0.01206323,True,0.012118452,0.606718614,1,open_reverse,2,True,True,success,MEASURED,0.134227401582657,0.1153630795564804,True,0.052540921332452674,1806,16
,,1.0,,False,,False,,,,False,,,RRTConnect,0.0,False,0.0,0.039168212,4,double_pillars,7,True,True,invalid_goal,MEASURED,,,,,,
0,697,1.0,414,True,True,True,,6.970000000000662,1.006689461,True,1,4.5178358913621866,PRM,0.006940115,True,0.007093137,1.074025743,2,center_column,13,True,True,success,MEASURED,0.142140618558582,0.1003263658682263,True,0.03974204507213364,4182,70
121,381,1.0,156,True,False,True,,3.8079999999996916,0.672116202,True,1,1.4282945298617948,PRM,0.42297650000000003,True,0.423054359,1.143011151,3,low_bar,15,True,True,success,MEASURED,1.051708845448062,0.7290147449719384,False,0.2518661322502217,2286,14
,,1.0,,False,,False,,,,False,,,RRTConnect,0.0,False,0.0,0.042868484,7,collision_goal,14,True,True,invalid_goal,MEASURED,,,,,,
0,342,1.0,150,True,True,True,,3.414999999999735,0.6077069,True,1,1.322874766461187,PRM,0.000826789,True,0.000879559,0.659330942,6,overhead_shelf,1,True,True,success,MEASURED,0.11564294667469799,0.0978423172020253,True,0.0499033157396621,2052,16
434,797,1.0,487,True,False,True,,7.963000000000994,1.065364845,True,1,5.25733582692006,PRM,0.040122185,True,0.040317173,1.181187437,5,narrow_passage,14,True,True,success,MEASURED,1.2336425427690054,0.9284231010495949,False,0.30581953286315444,4782,83
,,1.0,,False,,False,,,,False,,,RRTConnect,0.0,False,0.0,0.040486232,4,double_pillars,15,True,True,invalid_goal,MEASURED,,,,,,
151,381,1.0,156,True,False,True,,3.8079999999996916,0.661325749,True,1,1.4282828212746346,RRTConnect,0.011219559,True,0.011279761,0.724171834,3,low_bar,10,True,True,success,MEASURED,1.0516968851888011,0.729005538484917,False,0.2518634344515868,2286,14
0,301,1.0,120,True,True,True,,3.0099999999997795,0.579506877,True,1,1.144549132689098,PRM,0.40292112599999996,True,0.402996752,1.032786941,1,open_reverse,11,True,True,success,MEASURED,0.134227401582657,0.11536320579217829,True,0.05254093948904005,1806,16
0,342,1.0,150,True,True,True,,3.414999999999735,0.613056202,True,1,1.3228823567430148,RRTConnect,0.011526217,True,0.011627523,0.675521613,6,overhead_shelf,11,True,True,success,MEASURED,0.11564294667469799,0.0978424277629194,True,0.049903422048258296,2052,16
0,830,1.0,486,True,True,True,,8.292000000000844,1.329913209,True,1,5.710078260916722,RRTConnect,0.015126675,True,0.01532493,1.400756597,2,center_column,18,True,True,success,MEASURED,0.14220554008013792,0.12237078956119418,True,0.04717711447827316,4980,91
,,1.0,,False,,False,,,,False,,,RRTConnect,0.0,False,0.0,0.060496689,4,double_pillars,10,True,True,invalid_goal,MEASURED,,,,,,
146,381,1.0,156,True,False,True,,3.8079999999996916,0.713087904,True,1,1.4282919393949745,PRM,0.086101361,True,0.086178827,0.867212109,3,low_bar,13,True,True,success,MEASURED,1.051705479120168,0.7290121781423864,False,0.2518653474263564,2286,14
0,301,1.0,120,True,True,True,,3.0099999999997795,0.59375327,True,1,1.1445447906193336,RRTConnect,0.0023662550000000003,True,0.002421405,0.647090947,0,open_sweep,13,True,True,success,MEASURED,0.11564294667469799,0.09577399774822004,True,0.050272333172071484,1806,16
322,754,1.0,409,True,False,True,,7.537000000000852,1.075625946,True,1,4.100993396588833,PRM,0.19774770700000002,True,0.197888547,1.326254507,2,center_column,18,True,True,success,MEASURED,0.7067627066941953,0.5675906172659968,False,0.20748481667755297,4524,60
,,1.0,,False,,False,,,,False,,,PRM,0.0,False,0.0,0.039920839,8,unreachable_joint_goal,6,True,True,invalid_goal,MEASURED,,,,,,
,,1.0,367,False,,False,,,,True,1,4.254196749865185,PRM,0.14580698,True,0.145987355,0.198405555,2,center_column,3,True,True,invalid_path,MEASURED,,,,,,65
,,1.0,,False,,False,,,,False,,,PRM,0.0,False,0.0,0.038746074,9,blocked_start,12,True,False,invalid_start,MEASURED,,,,,,
