sim_t,joint,desired,actual,velocity,torque,error
0,0,0,0,0,0,0
0,1,-0.8,-0.8,0,0,0
0,2,1.2,1.2,0,-6.66134e-15,-2.22045e-16
0,3,0,0,0,0,0
0,4,-0.4,-0.4,0,0,0
0,5,0,0,0,0,0
0.01,0,0,0,0,0,0
0.01,1,-0.8,-0.799036,0.16595,-0.536428,-0.000964426
0.01,2,1.2,1.20018,0.0384837,-0.0823016,-0.000177805
0.01,3,0,0,0,0,0
0.01,4,-0.4,-0.401011,-0.1636,0.089886,0.00101077
0.01,5,0,0,0,0,0
0.02,0,0,0,0,0,0
0.02,1,-0.8,-0.796699,0.2836,-0.982847,-0.00330121
0.02,2,1.2,1.20089,0.100179,-0.227177,-0.000893941
0.02,3,0,0,0,0,0
0.02,4,-0.4,-0.402999,-0.213878,0.130932,0.00299909
0.02,5,0,0,0,0,0
0.03,0,0,0,0,0,0
0.03,1,-0.8,-0.79336,0.371512,-1.38016,-0.00664049
0.03,2,1.2,1.20226,0.165307,-0.398268,-0.00225512
0.03,3,0,0,0,0,0
0.03,4,-0.4,-0.40506,-0.191605,0.136286,0.00506038
0.03,5,0,0,0,0,0
0.04,0,0,0,0,0,0
0.04,1,-0.8,-0.789258,0.439158,-1.74714,-0.0107418
0.04,2,1.2,1.20425,0.226588,-0.580675,-0.00424998
0.04,3,0,0,0,0,0
0.04,4,-0.4,-0.406654,-0.128913,0.117692,0.00665443
0.04,5,0,0,0,0,0
0.05,0,0,0,0,0,0
0.05,1,-0.8,-0.784566,0.491833,-2.09285,-0.0154339
0.05,2,1.2,1.20682,0.281133,-0.766927,-0.00682205
0.05,3,0,0,0,0,0
0.05,4,-0.4,-0.407507,-0.0480056,0.0840564,0.0075067
0.05,5,0,0,0,0,0
0.06,0,0,0,0,0,0
0.06,1,-0.8,-0.779414,0.532665,-2.42142,-0.0205856
0.06,2,1.2,1.2099,0.327782,-0.952464,-0.00989669
0.06,3,0,0,0,0,0
0.06,4,-0.4,-0.407519,0.0368425,0.0417314,0.00751908
0.06,5,0,0,0,0,0
0.07,0,0,0,0,0,0
0.07,1,-0.8,-0.77391,0.563557,-2.73426,-0.0260898
0.07,2,1.2,1.21339,0.366159,-1.13409,-0.0133924
0.07,3,0,0,0,0,0
0.07,4,-0.4,-0.406703,0.117015,-0.00488035,0.00670341
0.07,5,0,0,0,0,0
0.08,0,0,0,0,0,0
0.08,1,-0.8,-0.768146,0.585705,-3.03128,-0.031854
0.08,2,1.2,1.21723,0.396296,-1.30939,-0.0172265
0.08,3,0,0,0,0,0
0.08,4,-0.4,-0.405135,0.18773,-0.0527828,0.00513529
0.08,5,0,0,0,0,0
0.09,0,0,0,0,0,0
0.09,1,-0.8,-0.762205,0.599905,-3.31154,-0.0377955
0.09,2,1.2,1.22132,0.418456,-1.47645,-0.0213178
0.09,3,0,0,0,0,0
0.09,4,-0.4,-0.402923,0.246709,-0.0999671,0.00292345
0.09,5,0,0,0,0,0
0.1,0,0,0,0,0,0
0.1,1,-0.8,-0.756162,0.606744,-3.57375,-0.043838
0.1,2,1.2,1.22559,0.43304,-1.63374,-0.0255886
0.1,3,0,0,0,0,0
0.1,4,-0.4,-0.40019,0.293258,-0.145108,0.000190081
0.1,5,0,0,0,0,0
0.11,0,0,0,0,0,0
0.11,1,-0.8,-0.750089,0.606714,-3.81657,-0.0499108
0.11,2,1.2,1.22997,0.440534,-1.78004,-0.0299659
0.11,3,0,0,0,0,0
0.11,4,-0.4,-0.397059,0.327642,-0.187352,-0.00294137
0.11,5,0,0,0,0,0
0.12,0,0,0,0,0,0
0.12,1,-0.8,-0.744052,0.600284,-4.03876,-0.0559476
0.12,2,1.2,1.23438,0.441472,-1.91439,-0.0343815
0.12,3,0,0,0,0,0
0.12,4,-0.4,-0.393647,0.350674,-0.226164,-0.0063534
0.12,5,0,0,0,0,0
0.13,0,0,0,0,0,0
0.13,1,-0.8,-0.738113,0.587937,-4.2393,-0.0618872
0.13,2,1.2,1.23877,0.436424,-2.03604,-0.0387732
0.13,3,0,0,0,0,0
0.13,4,-0.4,-0.390062,0.363451,-0.261232,-0.00993838
0.13,5,0,0,0,0,0
0.14,0,0,0,0,0,0
0.14,1,-0.8,-0.732327,0.570184,-4.41748,-0.0676732
0.14,2,1.2,1.24308,0.425975,-2.14448,-0.0430842
0.14,3,0,0,0,0,0
0.14,4,-0.4,-0.3864,0.367186,-0.292396,-0.0136004
0.14,5,0,0,0,0,0
0.15,0,0,0,0,0,0
0.15,1,-0.8,-0.726746,0.547576,-4.57291,-0.0732545
0.15,2,1.2,1.24726,0.410723,-2.23936,-0.0472638
0.15,3,0,0,0,0,0
0.15,4,-0.4,-0.382744,0.363109,-0.319601,-0.0172558
0.15,5,0,0,0,0,0
0.16,0,0,0,0,0,0
0.16,1,-0.8,-0.721414,0.520693,-4.70551,-0.0785856
0.16,2,1.2,1.25127,0.391267,-2.32055,-0.0512672
0.16,3,0,0,0,0,0
0.16,4,-0.4,-0.379167,0.352406,-0.342867,-0.020833
0.16,5,0,0,0,0,0
0.17,0,0,0,0,0,0
0.17,1,-0.8,-0.716373,0.490142,-4.81552,-0.0836273
0.17,2,1.2,1.25506,0.368208,-2.38809,-0.0550558
0.17,3,0,0,0,0,0
0.17,4,-0.4,-0.375728,0.33619,-0.362271,-0.024272
0.17,5,0,0,0,0,0
0.18,0,0,0,0,0,0
0.18,1,-0.8,-0.711654,0.456543,-4.90348,-0.0883462
0.18,2,1.2,1.2586,0.342139,-2.44218,-0.0585967
0.18,3,0,0,0,0,0
0.18,4,-0.4,-0.372477,0.31549,-0.377932,-0.0275233
0.18,5,0,0,0,0,0
0.19,0,0,0,0,0,0
0.19,1,-0.8,-0.707285,0.420518,-4.97017,-0.0927152
0.19,2,1.2,1.26186,0.313646,-2.48319,-0.0618631
0.19,3,0,0,0,0,0
0.19,4,-0.4,-0.369453,0.291246,-0.390002,-0.0305474
0.19,5,0,0,0,0,0
0.2,0,0,0,0,0,0
0.2,1,-0.8,-0.703286,0.382682,-5.01659,-0.0967136
0.2,2,1.2,1.26483,0.283299,-2.51162,-0.064834
0.2,3,0,0,0,0,0
0.2,4,-0.4,-0.366686,0.264309,-0.398663,-0.0333136
0.2,5,0,0,0,0,0
0.21,0,0,0,0,0,0
0.21,1,-0.8,-0.699674,0.343629,-5.04394,-0.100326
0.21,2,1.2,1.26749,0.251651,-2.52811,-0.0674938
0.21,3,0,0,0,0,0
0.21,4,-0.4,-0.364201,0.235448,-0.404118,-0.0357993
0.21,5,0,0,0,0,0
0.22,0,0,0,0,0,0
0.22,1,-0.8,-0.696455,0.303927,-5.05356,-0.103545
0.22,2,1.2,1.26983,0.219228,-2.53343,-0.0698324
0.22,3,0,0,0,0,0
0.22,4,-0.4,-0.362011,0.205355,-0.406589,-0.037989
0.22,5,0,0,0,0,0
0.23,0,0,0,0,0,0
0.23,1,-0.8,-0.693635,0.264109,-5.04692,-0.106365
0.23,2,1.2,1.27184,0.186531,-2.52841,-0.0718449
0.23,3,0,0,0,0,0
0.23,4,-0.4,-0.360126,0.174649,-0.406316,-0.0398739
0.23,5,0,0,0,0,0
0.24,0,0,0,0,0,0
0.24,1,-0.8,-0.691212,0.224666,-5.02553,-0.108788
0.24,2,1.2,1.27353,0.154026,-2.51398,-0.0735311
0.24,3,0,0,0,0,0
0.24,4,-0.4,-0.358549,0.143881,-0.403549,-0.041451
0.24,5,0,0,0,0,0
0.25,0,0,0,0,0,0
0.25,1,-0.8,-0.689178,0.186045,-4.99101,-0.110822
0.25,2,1.2,1.2749,0.12214,-2.49114,-0.0748953
0.25,3,0,0,0,0,0
0.25,4,-0.4,-0.357278,0.113541,-0.39855,-0.0427224
0.25,5,0,0,0,0,0
0.26,0,0,0,0,0,0
0.26,1,-0.8,-0.687525,0.148643,-4.94495,-0.112475
0.26,2,1.2,1.27595,0.0912627,-2.4609,-0.0759459
0.26,3,0,0,0,0,0
0.26,4,-0.4,-0.356305,0.084053,-0.391585,-0.0436948
0.26,5,0,0,0,0,0
0.27,0,0,0,0,0,0
0.27,1,-0.8,-0.686237,0.112809,-4.88896,-0.113763
0.27,2,1.2,1.27669,0.0617363,-2.42432,-0.0766948
0.27,3,0,0,0,0,0
0.27,4,-0.4,-0.355621,0.0557871,-0.382923,-0.0443787
0.27,5,0,0,0,0,0
0.28,0,0,0,0,0,0
0.28,1,-0.8,-0.685297,0.0788394,-4.82463,-0.114703
0.28,2,1.2,1.27716,0.0338582,-2.38244,-0.0771574
0.28,3,0,0,0,0,0
0.28,4,-0.4,-0.355212,0.0290557,-0.372833,-0.0447882
0.28,5,0,0,0,0,0
0.29,0,0,0,0,0,0
0.29,1,-0.8,-0.684686,0.0469823,-4.75352,-0.115314
0.29,2,1.2,1.27735,0.00787764,-2.3363,-0.0773514
0.29,3,0,0,0,0,0
0.29,4,-0.4,-0.35506,0.00411722,-0.361579,-0.04494
0.29,5,0,0,0,0,0
0.3,0,0,0,0,0,0
0.3,1,-0.8,-0.68438,0.017437,-4.6771,-0.11562
0.3,2,1.2,1.2773,-0.0160044,-2.2869,-0.0772971
0.3,3,0,0,0,0,0
0.3,4,-0.4,-0.355147,-0.0188215,-0.349416,-0.0448533
0.3,5,0,0,0,0,0
0.31,0,0,0,0,0,0
0.31,1,-0.8,-0.684357,-0.00964384,-4.59679,-0.115643
0.31,2,1.2,1.27702,-0.0376346,-2.23522,-0.0770161
0.31,3,0,0,0,0,0
0.31,4,-0.4,-0.355451,-0.0396033,-0.33659,-0.0445489
0.31,5,0,0,0,0,0
0.32,0,0,0,0,0,0
0.32,1,-0.8,-0.68459,-0.0341515,-4.51393,-0.11541
0.32,2,1.2,1.27653,-0.056906,-2.18214,-0.0765318
0.32,3,0,0,0,0,0
0.32,4,-0.4,-0.355951,-0.0581182,-0.323334,-0.0440492
0.32,5,0,0,0,0,0
0.33,0,0,0,0,0,0
0.33,1,-0.8,-0.685054,-0.0560184,-4.42977,-0.114946
0.33,2,1.2,1.27587,-0.0737559,-2.12853,-0.0758681
0.33,3,0,0,0,0,0
0.33,4,-0.4,-0.356623,-0.0743006,-0.309866,-0.043377
0.33,5,0,0,0,0,0
0.34,0,0,0,0,0,0
0.34,1,-0.8,-0.685722,-0.075215,-4.34546,-0.114278
0.34,2,1.2,1.27505,-0.0881631,-2.07515,-0.0750493
0.34,3,0,0,0,0,0
0.34,4,-0.4,-0.357444,-0.0881258,-0.296386,-0.0425561
0.34,5,0,0,0,0,0
0.35,0,0,0,0,0,0
0.35,1,-0.8,-0.686568,-0.0917463,-4.26205,-0.113432
0.35,2,1.2,1.2741,-0.100145,-2.0227,-0.0740998
0.35,3,0,0,0,0,0
0.35,4,-0.4,-0.35839,-0.0996066,-0.283075,-0.0416097
0.35,5,0,0,0,0,0
0.36,0,0,0,0,0,0
0.36,1,-0.8,-0.687564,-0.105649,-4.1805,-0.112436
0.36,2,1.2,1.27304,-0.109752,-1.9718,-0.0730435
0.36,3,0,0,0,0,0
0.36,4,-0.4,-0.359439,-0.10879,-0.270095,-0.0405613
0.36,5,0,0,0,0,0
0.37,0,0,0,0,0,0
0.37,1,-0.8,-0.688685,-0.116989,-4.10165,-0.111315
0.37,2,1.2,1.2719,-0.117066,-1.92299,-0.0719039
0.37,3,0,0,0,0,0
0.37,4,-0.4,-0.360567,-0.115752,-0.25759,-0.0394333
0.37,5,0,0,0,0,0
0.38,0,0,0,0,0,0
0.38,1,-0.8,-0.689905,-0.125854,-4.02623,-0.110095
0.38,2,1.2,1.2707,-0.122194,-1.87671,-0.0707033
0.38,3,0,0,0,0,0
0.38,4,-0.4,-0.361753,-0.120595,-0.245682,-0.0382474
0.38,5,0,0,0,0,0
0.39,0,0,0,0,0,0
0.39,1,-0.8,-0.691202,-0.132356,-3.95487,-0.108798
0.39,2,1.2,1.26946,-0.125266,-1.83335,-0.0694629
0.39,3,0,0,0,0,0
0.39,4,-0.4,-0.362976,-0.123442,-0.234473,-0.0370242
0.39,5,0,0,0,0,0
0.4,0,0,0,0,0,0
0.4,1,-0.8,-0.69255,-0.136626,-3.88811,-0.10745
0.4,2,1.2,1.2682,-0.126428,-1.79321,-0.0682023
0.4,3,0,0,0,0,0
0.4,4,-0.4,-0.364217,-0.124435,-0.224046,-0.0357829
0.4,5,0,0,0,0,0
0.41,0,0,0,0,0,0
0.41,1,-0.8,-0.69393,-0.138806,-3.82637,-0.10607
0.41,2,1.2,1.26694,-0.125839,-1.75652,-0.0669399
0.41,3,0,0,0,0,0
0.41,4,-0.4,-0.365459,-0.123726,-0.214466,-0.0345411
0.41,5,0,0,0,0,0
0.42,0,0,0,0,0,0
0.42,1,-0.8,-0.695321,-0.139056,-3.76998,-0.104679
0.42,2,1.2,1.26569,-0.12367,-1.72343,-0.0656922
0.42,3,0,0,0,0,0
0.42,4,-0.4,-0.366685,-0.121481,-0.205779,-0.033315
0.42,5,0,0,0,0,0
0.43,0,0,0,0,0,0
0.43,1,-0.8,-0.696705,-0.137542,-3.71918,-0.103295
0.43,2,1.2,1.26447,-0.120094,-1.69403,-0.0644741
0.43,3,0,0,0,0,0
0.43,4,-0.4,-0.367881,-0.117869,-0.198017,-0.032119
0.43,5,0,0,0,0,0
0.44,0,0,0,0,0,0
0.44,1,-0.8,-0.698064,-0.134436,-3.67411,-0.101936
0.44,2,1.2,1.2633,-0.115289,-1.66838,-0.0632986
0.44,3,0,0,0,0,0
0.44,4,-0.4,-0.369034,-0.113062,-0.191195,-0.0309658
0.44,5,0,0,0,0,0
0.45,0,0,0,0,0,0
0.45,1,-0.8,-0.699385,-0.129918,-3.63485,-0.100615
0.45,2,1.2,1.26218,-0.109432,-1.64645,-0.0621772
0.45,3,0,0,0,0,0
0.45,4,-0.4,-0.370134,-0.107234,-0.185315,-0.0298665
0.45,5,0,0,0,0,0
0.46,0,0,0,0,0,0
0.46,1,-0.8,-0.700654,-0.124166,-3.60136,-0.0993465
0.46,2,1.2,1.26112,-0.102697,-1.62818,-0.0611192
0.46,3,0,0,0,0,0
0.46,4,-0.4,-0.37117,-0.100554,-0.180365,-0.0288303
0.46,5,0,0,0,0,0
0.47,0,0,0,0,0,0
0.47,1,-0.8,-0.701859,-0.11736,-3.57358,-0.0981415
0.47,2,1.2,1.26013,-0.0952533,-1.61347,-0.0601327
0.47,3,0,0,0,0,0
0.47,4,-0.4,-0.372135,-0.0931865,-0.176325,-0.0278647
0.47,5,0,0,0,0,0
0.48,0,0,0,0,0,0
0.48,1,-0.8,-0.702991,-0.109677,-3.55135,-0.0970095
0.48,2,1.2,1.25922,-0.0872628,-1.60219,-0.0592237
0.48,3,0,0,0,0,0
0.48,4,-0.4,-0.373024,-0.0852915,-0.173162,-0.0269759
0.48,5,0,0,0,0,0
0.49,0,0,0,0,0,0
0.49,1,-0.8,-0.704042,-0.101288,-3.53447,-0.0959583
0.49,2,1.2,1.2584,-0.078879,-1.59415,-0.0583969
0.49,3,0,0,0,0,0
0.49,4,-0.4,-0.373832,-0.0770186,-0.170837,-0.0261683
0.49,5,0,0,0,0,0
0.5,0,0.000497511,0,0,0.0199005,0.000497511
0.5,1,-0.799851,-0.705006,-0.0923593,-3.51672,-0.0948449
0.5,2,1.1998,1.25766,-0.0702455,-1.59514,-0.0578545
0.5,3,9.95006e-05,0,0,0.000995006,9.95006e-05
0.5,4,-0.39995,-0.374555,-0.068509,-0.168905,-0.025395
0.5,5,4.97516e-05,0,0,0.000248758,4.97516e-05
0.51,0,0.00547263,1.4912e-05,0.003684,0.207257,0.00545771
0.51,1,-0.798358,-0.705845,-0.0753851,-3.47436,-0.0925129
0.51,2,1.19781,1.25694,-0.0751775,-1.62356,-0.0591305
0.51,3,0.00109451,2.83097e-05,0.00668897,0.00664859,0.0010662
0.51,4,-0.399453,-0.375158,-0.0522344,-0.168237,-0.0242943
0.51,5,0.000547268,-1.09669e-05,-0.00228535,0.00347678,0.000558234
0.52,0,0.0104477,0.000100486,0.0133789,0.373754,0.0103473
0.52,1,-0.796866,-0.706473,-0.0519805,-3.45977,-0.0903929
0.52,2,1.19582,1.25611,-0.0901496,-1.62838,-0.0602893
0.52,3,0.00208951,0.000167008,0.020396,0.00698745,0.0019225
0.52,4,-0.398955,-0.375575,-0.0332442,-0.17042,-0.0233802
0.52,5,0.00104478,-4.31594e-05,-0.00352455,0.00649708,0.00108794
0.53,0,0.0154229,0.000312027,0.0282301,0.519743,0.0151108
0.53,1,-0.795373,-0.706858,-0.0274582,-3.45825,-0.0885156
0.53,2,1.19383,1.25512,-0.105836,-1.62705,-0.0612906
0.53,3,0.00308452,0.000460208,0.0368232,0.00414915,0.00262431
0.53,4,-0.398458,-0.375816,-0.0171731,-0.172546,-0.0226415
0.53,5,0.0015423,-6.91536e-05,-0.00131327,0.00845125,0.00161145
0.54,0,0.020398,0.000696847,0.0474744,0.645622,0.0197011
0.54,1,-0.793881,-0.707,-0.00371558,-3.46405,-0.08688
0.54,2,1.19184,1.25399,-0.119501,-1.62535,-0.0621451
0.54,3,0.00407952,0.000921505,0.0536925,-0.000635345,0.00315802
0.54,4,-0.39796,-0.375915,-0.004433,-0.174142,-0.0220448
0.54,5,0.00203982,-5.51236e-05,0.00402164,0.0092682,0.00209494
0.55,0,0.0253731,0.00129494,0.0704028,0.751917,0.0240781
0.55,1,-0.792388,-0.706914,0.0185781,-3.4747,-0.0854743
0.55,2,1.18985,1.25273,-0.130595,-1.62512,-0.062877
0.55,3,0.00507453,0.00154746,0.0696754,-0.00653456,0.00352707
0.55,4,-0.397462,-0.375902,0.00576463,-0.175368,-0.0215607
0.55,5,0.00253733,2.46163e-05,0.0114358,0.00913283,0.00251272
0.56,0,0.0303482,0.00213945,0.0963493,0.839302,0.0282088
0.56,1,-0.790895,-0.706613,0.0392135,-3.48894,-0.0842824
0.56,2,1.18786,1.25137,-0.139267,-1.62681,-0.0635115
0.56,3,0.00606953,0.00232446,0.0839706,-0.0129317,0.00374507
0.56,4,-0.396965,-0.375796,0.0142465,-0.176472,-0.0211686
0.56,5,0.00303485,0.000184887,0.0198638,0.00829067,0.00284996
0.57,0,0.0353233,0.00325708,0.124689,0.908584,0.0320662
0.57,1,-0.789403,-0.706115,0.0581615,-3.50599,-0.0832875
0.57,2,1.18587,1.24994,-0.145862,-1.63041,-0.0640711
0.57,3,0.00706454,0.00323287,0.0961179,-0.0193541,0.00383167
0.57,4,-0.396467,-0.375613,0.021616,-0.177646,-0.0208548
0.57,5,0.00353236,0.000430843,0.0284344,0.00697728,0.00310152
0.58,0,0.0402984,0.00466851,0.154836,0.960689,0.0356299
0.58,1,-0.78791,-0.705437,0.075466,-3.52532,-0.0824731
0.58,2,1.18388,1.24845,-0.150753,-1.63573,-0.0645744
0.58,3,0.00805955,0.00424984,0.105899,-0.0254426,0.00380971
0.58,4,-0.39597,-0.375359,0.0282525,-0.179009,-0.0206104
0.58,5,0.00402988,0.000760225,0.0365124,0.00539456,0.00326965
0.59,0,0.0452735,0.00638881,0.186248,0.996645,0.0388847
0.59,1,-0.786418,-0.704595,0.091199,-3.54652,-0.081823
0.59,2,1.18189,1.24693,-0.154289,-1.64252,-0.0650365
0.59,3,0.00905455,0.00535137,0.113276,-0.030934,0.00370318
0.59,4,-0.395472,-0.375043,0.0343685,-0.180619,-0.0204294
0.59,5,0.0045274,0.00116564,0.0436794,0.00370496,0.00336175
0.6,0,0.0502487,0.00842782,0.218424,1.01756,0.0418208
0.6,1,-0.784925,-0.703603,0.105442,-3.5692,-0.081322
0.6,2,1.1799,1.24537,-0.156776,-1.65052,-0.0654692
0.6,3,0.0100496,0.00651383,0.11834,-0.035647,0.00353573
0.6,4,-0.394975,-0.374668,0.0400668,-0.182491,-0.0203071
0.6,5,0.00502491,0.00163654,0.0496966,0.00203289,0.00338837
0.61,0,0.0552238,0.0107906,0.250905,1.02461,0.0444331
0.61,1,-0.783433,-0.702477,0.118276,-3.59305,-0.0809555
0.61,2,1.17791,1.24379,-0.158474,-1.6595,-0.0658816
0.61,3,0.0110446,0.00771504,0.121276,-0.0394703,0.00332952
0.61,4,-0.394477,-0.374237,0.0453841,-0.184611,-0.0202398
0.61,5,0.00552243,0.00216077,0.0544654,0.000468657,0.00336165
0.62,0,0.0601989,0.013478,0.283276,1.01901,0.0467209
0.62,1,-0.78194,-0.70123,0.12978,-3.61774,-0.0807101
0.62,2,1.17592,1.2422,-0.159603,-1.6692,-0.0662804
0.62,3,0.0120396,0.00893502,0.122327,-0.0423507,0.00310454
0.62,4,-0.39398,-0.373756,0.0503203,-0.186949,-0.0202236
0.62,5,0.00601994,0.00272582,0.0579906,-0.000926544,0.00329413
0.63,0,0.065174,0.0164867,0.315165,1.002,0.0486873
0.63,1,-0.780447,-0.699875,0.140027,-3.64299,-0.0805727
0.63,2,1.17393,1.2406,-0.160342,-1.67942,-0.0666701
0.63,3,0.0130346,0.0101564,0.121772,-0.0442819,0.00287813
0.63,4,-0.393482,-0.373228,0.0548584,-0.189465,-0.0202545
0.63,5,0.00651746,0.00331961,0.0603493,-0.00211557,0.00319785
0.64,0,0.0701491,0.01981,0.34624,0.974845,0.0503391
0.64,1,-0.778955,-0.698424,0.149086,-3.66851,-0.0805312
0.64,2,1.17194,1.23899,-0.160839,-1.68994,-0.0670538
0.64,3,0.0140296,0.0113648,0.119903,-0.0452945,0.00266473
0.64,4,-0.392984,-0.372656,0.0589756,-0.192116,-0.0203285
0.64,5,0.00701497,0.00393115,0.0616655,-0.00308052,0.00308383
0.65,0,0.0751242,0.0234383,0.376211,0.938804,0.0516859
0.65,1,-0.777462,-0.696888,0.157023,-3.69403,-0.080574
0.65,2,1.16995,1.23738,-0.161209,-1.70058,-0.0674334
0.65,3,0.0150246,0.0125487,0.11701,-0.0454469,0.00247589
0.65,4,-0.392487,-0.372046,0.0626506,-0.194856,-0.0204413
0.65,5,0.00751249,0.0045508,0.0620893,-0.00381836,0.00296169
0.66,0,0.0800993,0.027359,0.404831,0.89512,0.0527403
0.66,1,-0.77597,-0.695279,0.1639,-3.71932,-0.0806904
0.66,2,1.16796,1.23577,-0.161543,-1.7112,-0.0678096
0.66,3,0.0160196,0.0136993,0.113367,-0.0448169,0.00232033
0.66,4,-0.391989,-0.371401,0.0658671,-0.19764,-0.0205884
0.66,5,0.00801001,0.00517054,0.0617815,-0.00433713,0.00283947
0.67,0,0.0850745,0.0315575,0.431889,0.845011,0.0535169
0.67,1,-0.774477,-0.693607,0.169777,-3.74413,-0.0808699
0.67,2,1.16597,1.23415,-0.161911,-1.72164,-0.0681822
0.67,3,0.0170146,0.0148105,0.109227,-0.0434953,0.00220412
0.67,4,-0.391492,-0.370727,0.0686159,-0.200428,-0.020765
0.67,5,0.00850752,0.00578393,0.0609021,-0.00465263,0.0027236
0.68,0,0.0900496,0.0360172,0.457213,0.789657,0.0540324
0.68,1,-0.772985,-0.691882,0.174715,-3.76827,-0.0811031
0.68,2,1.16398,1.23253,-0.162364,-1.7318,-0.0685508
0.68,3,0.0180096,0.0158786,0.104816,-0.0415799,0.00213097
0.68,4,-0.390994,-0.370028,0.0708948,-0.203179,-0.0209665
0.68,5,0.00900504,0.00638608,0.0596018,-0.00478576,0.00261895
0.69,0,0.0950247,0.0407199,0.480667,0.73019,0.0543048
0.69,1,-0.771492,-0.690111,0.178771,-3.79154,-0.0813807
0.69,2,1.16199,1.2309,-0.162935,-1.74155,-0.0689142
0.69,3,0.0190046,0.0169021,0.100327,-0.0391708,0.00210252
0.69,4,-0.390497,-0.369308,0.0727094,-0.205861,-0.0211883
0.69,5,0.00950255,0.00697357,0.0580174,-0.0047603,0.00252898
0.7,0,0.0999998,0.0456464,0.50215,0.667687,0.0543534
0.7,1,-0.77,-0.688305,0.182004,-3.81378,-0.0816943
0.7,2,1.16,1.22927,-0.163649,-1.75083,-0.0692711
0.7,3,0.0199996,0.017881,0.095922,-0.0363671,0.00211861
0.7,4,-0.389999,-0.368573,0.0740715,-0.208441,-0.0214256
0.7,5,0.0100001,0.00754422,0.0562683,-0.0046012,0.00245586
0.71,0,0.104975,0.0507765,0.521591,0.603162,0.0541984
0.71,1,-0.768507,-0.686471,0.184475,-3.83486,-0.0820359
0.71,2,1.15801,1.22763,-0.164516,-1.75957,-0.06962
0.71,3,0.0209946,0.018817,0.0917341,-0.0332639,0.00217765
0.71,4,-0.389502,-0.367827,0.0749992,-0.210894,-0.0216743
0.71,5,0.0104976,0.00809694,0.0544551,-0.00433331,0.00240064
0.72,0,0.10995,0.0560896,0.538951,0.537561,0.0538604
0.72,1,-0.767014,-0.684616,0.186241,-3.85466,-0.0823984
0.72,2,1.15602,1.22598,-0.165541,-1.7677,-0.0699594
0.72,3,0.0219896,0.0197127,0.0878655,-0.0299503,0.0022769
0.72,4,-0.389004,-0.367074,0.0755157,-0.213197,-0.0219299
0.72,5,0.0109951,0.00863158,0.0526601,-0.0039804,0.00236353
0.73,0,0.114925,0.0615648,0.554219,0.471755,0.0533603
0.73,1,-0.765522,-0.682747,0.187364,-3.87309,-0.0827749
0.73,2,1.15403,1.22432,-0.166721,-1.77519,-0.0702877
0.73,3,0.0229846,0.0205719,0.0843919,-0.0265081,0.0024127
0.73,4,-0.388506,-0.366318,0.0756486,-0.215332,-0.0221885
0.73,5,0.0114926,0.00914867,0.0509476,-0.00356452,0.00234395
0.74,0,0.1199,0.0671813,0.567407,0.406539,0.052719
0.74,1,-0.764029,-0.68087,0.187901,-3.89008,-0.0831594
0.74,2,1.15204,1.22264,-0.168047,-1.78201,-0.0706034
0.74,3,0.0239796,0.0213988,0.0813654,-0.0230111,0.00258082
0.74,4,-0.388009,-0.365562,0.0754286,-0.217286,-0.0224465
0.74,5,0.0119901,0.00964932,0.0493656,-0.00310561,0.00234082
0.75,0,0.124875,0.0729183,0.578552,0.342628,0.0519571
0.75,1,-0.762537,-0.67899,0.187914,-3.9056,-0.0835464
0.75,2,1.15005,1.22095,-0.169507,-1.78814,-0.070905
0.75,3,0.0249746,0.0221981,0.0788167,-0.0195242,0.00277659
0.75,4,-0.387511,-0.364811,0.0748893,-0.219049,-0.0227005
0.75,5,0.0124877,0.010135,0.0479479,-0.00262128,0.00235262
0.76,0,0.12985,0.0787558,0.587711,0.280656,0.0510947
0.76,1,-0.761044,-0.677113,0.187461,-3.91961,-0.0839308
0.76,2,1.14806,1.21925,-0.171086,-1.79357,-0.0711914
0.76,3,0.0259696,0.0229745,0.076759,-0.0161039,0.00299515
0.76,4,-0.387014,-0.364066,0.0740658,-0.220613,-0.0229475
0.76,5,0.0129852,0.0106076,0.0467156,-0.00212671,0.00237759
0.77,0,0.134826,0.0846743,0.594958,0.221178,0.0501513
0.77,1,-0.759552,-0.675243,0.186599,-3.93213,-0.0843084
0.77,2,1.14607,1.21753,-0.172767,-1.79831,-0.0714615
0.77,3,0.0269647,0.0237331,0.0751904,-0.0127983,0.00323159
0.77,4,-0.386516,-0.363331,0.0729945,-0.221977,-0.0231849
0.77,5,0.0134827,0.0110689,0.0456794,-0.00163474,0.00241382
0.78,0,0.139801,0.0906552,0.600384,0.16467,0.0491455
0.78,1,-0.758059,-0.673384,0.185385,-3.94317,-0.0846755
0.78,2,1.14408,1.21579,-0.174531,-1.80236,-0.0717142
0.78,3,0.0279597,0.0244786,0.0740968,-0.00964716,0.00348109
0.78,4,-0.386019,-0.362608,0.0717119,-0.223139,-0.0234104
0.78,5,0.0139802,0.0115209,0.0448416,-0.00115595,0.00245931
0.79,0,0.144776,0.0966808,0.604092,0.111527,0.048095
0.79,1,-0.756567,-0.671538,0.183875,-3.95277,-0.0850287
0.79,2,1.14209,1.21404,-0.17636,-1.80575,-0.071949
0.79,3,0.0289547,0.0252156,0.073455,-0.00668278,0.00373902
0.79,4,-0.385521,-0.361899,0.0702543,-0.224104,-0.0236221
0.79,5,0.0144777,0.0119656,0.0441978,-0.000698812,0.00251211
0.8,0,0.149751,0.102735,0.606195,0.06207,0.0470164
0.8,1,-0.755074,-0.669709,0.182119,-3.96097,-0.0853654
0.8,2,1.1401,1.21226,-0.178232,-1.80849,-0.0721652
0.8,3,0.0299497,0.0259486,0.0732342,-0.00393027,0.00400103
0.8,4,-0.385024,-0.361205,0.0686571,-0.224876,-0.0238184
0.8,5,0.0149752,0.0124049,0.0437384,-0.000269924,0.00257032
0.81,0,0.154726,0.108801,0.606817,0.0165478,0.045925
0.81,1,-0.753581,-0.667898,0.18017,-3.96785,-0.0856834
0.81,2,1.13811,1.21047,-0.18013,-1.81062,-0.0723625
0.81,3,0.0309447,0.0266816,0.0733986,-0.00140832,0.00426309
0.81,4,-0.384526,-0.360528,0.0669545,-0.225462,-0.0239981
0.81,5,0.0154727,0.0128406,0.0434501,0.000125815,0.00263217
0.82,0,0.159701,0.114866,0.606085,-0.0248605,0.0448349
0.82,1,-0.752089,-0.666108,0.178073,-3.97346,-0.0859811
0.82,2,1.13612,1.20866,-0.182033,-1.81216,-0.0725408
0.82,3,0.0319397,0.0274181,0.0739091,0.000870233,0.00452157
0.82,4,-0.384028,-0.359868,0.0651788,-0.225873,-0.0241604
0.82,5,0.0159703,0.0132742,0.0433173,0.000484988,0.00269604
0.83,0,0.164676,0.120917,0.604132,-0.0620399,0.0437589
0.83,1,-0.750596,-0.664339,0.175872,-3.97791,-0.0862573
0.83,2,1.13413,1.20683,-0.183925,-1.81315,-0.0727001
0.83,3,0.0329347,0.0281615,0.0747242,0.00289778,0.00477323
0.83,4,-0.383531,-0.359226,0.0633603,-0.226117,-0.0243047
0.83,5,0.0164678,0.0137073,0.0433227,0.000805457,0.00276046
0.84,0,0.169651,0.126943,0.601093,-0.0949359,0.0427086
0.84,1,-0.749104,-0.662593,0.17361,-3.98127,-0.086511
0.84,2,1.13214,1.20498,-0.185787,-1.81365,-0.0728406
0.84,3,0.0339297,0.0289144,0.0758023,0.0046713,0.00501527
0.84,4,-0.383033,-0.358603,0.0615271,-0.226209,-0.0244306
0.84,5,0.0169653,0.0141411,0.0434485,0.00108617,0.00282414
0.85,0,0.174627,0.132933,0.597103,-0.123549,0.041694
0.85,1,-0.747611,-0.660869,0.171322,-3.98365,-0.086742
0.85,2,1.13015,1.20311,-0.187605,-1.81367,-0.0729628
0.85,3,0.0349247,0.0296794,0.0771015,0.00619182,0.00524527
0.85,4,-0.382536,-0.357997,0.0597045,-0.226159,-0.0245383
0.85,5,0.0174628,0.0145768,0.0436766,0.001327,0.002886
0.86,0,0.179602,0.138878,0.592296,-0.147931,0.0407239
0.86,1,-0.746119,-0.659169,0.169044,-3.98514,-0.0869501
0.86,2,1.12816,1.20123,-0.189363,-1.81329,-0.0730671
0.86,3,0.0359197,0.0304584,0.0785812,0.00746381,0.00546125
0.86,4,-0.382038,-0.35741,0.0579156,-0.225981,-0.0246279
0.86,5,0.0179603,0.0150152,0.0439896,0.00152855,0.00294509
0.87,0,0.184577,0.144771,0.586802,-0.168177,0.0398058
0.87,1,-0.744626,-0.65749,0.166804,-3.98584,-0.0871356
0.87,2,1.12617,1.19932,-0.191049,-1.81253,-0.0731542
0.87,3,0.0369147,0.0312531,0.0802027,0.0084947,0.00566163
0.87,4,-0.381541,-0.356841,0.0561804,-0.22569,-0.0246999
0.87,5,0.0184578,0.0154572,0.0443708,0.00169207,0.00300066
0.88,0,0.189552,0.150606,0.580751,-0.184423,0.0389457
0.88,1,-0.743134,-0.655834,0.16463,-3.98585,-0.0872991
0.88,2,1.12418,1.1974,-0.192651,-1.81144,-0.0732249
0.88,3,0.0379097,0.0320645,0.0819291,0.00929439,0.00584519
0.88,4,-0.381043,-0.356288,0.0545165,-0.225298,-0.024755
0.88,5,0.0189554,0.0159032,0.0448045,0.00181926,0.00305212
0.89,0,0.194527,0.156378,0.574263,-0.19684,0.0381487
0.89,1,-0.741641,-0.6542,0.162543,-3.98528,-0.0874413
0.89,2,1.12219,1.19547,-0.19416,-1.81008,-0.07328
0.89,3,0.0389047,0.0328937,0.0837264,0.0098748,0.00601106
0.89,4,-0.380546,-0.355752,0.0529386,-0.22482,-0.0247938
0.89,5,0.0194529,0.0163539,0.0452763,0.00191222,0.00309902
0.9,0,0.199502,0.162084,0.567455,-0.205627,0.0374184
0.9,1,-0.740148,-0.652585,0.160565,-3.98422,-0.0875632
0.9,2,1.1202,1.19352,-0.195567,-1.80849,-0.0733207
0.9,3,0.0398997,0.033741,0.0855629,0.0102495,0.00615872
0.9,4,-0.380048,-0.355231,0.051459,-0.224269,-0.0248174
0.9,5,0.0199504,0.0168093,0.0457732,0.00197332,0.00314106
0.91,0,0.204477,0.16772,0.560436,-0.211009,0.0367575
0.91,1,-0.738656,-0.65099,0.15871,-3.98277,-0.087666
0.91,2,1.11821,1.19156,-0.196866,-1.8067,-0.0733478
0.91,3,0.0408947,0.0346068,0.0874103,0.0104332,0.00628794
0.91,4,-0.37955,-0.354724,0.0500874,-0.223658,-0.0248268
0.91,5,0.0204479,0.0172699,0.0462836,0.00200514,0.00317804
0.92,0,0.209452,0.173285,0.553308,-0.213229,0.0361674
0.92,1,-0.737163,-0.649412,0.156992,-3.98101,-0.0877509
0.92,2,1.11622,1.18958,-0.198051,-1.80478,-0.0733626
0.92,3,0.0418897,0.035491,0.0892429,0.0104417,0.00639874
0.92,4,-0.379053,-0.35423,0.0488313,-0.223001,-0.0248231
0.92,5,0.0209454,0.0177355,0.046797,0.00201038,0.0032099
0.93,0,0.214427,0.178779,0.546165,-0.212546,0.0356487
0.93,1,-0.735671,-0.647851,0.155419,-3.97904,-0.0878195
0.93,2,1.11423,1.18759,-0.19912,-1.80275,-0.0733662
0.93,3,0.0428847,0.0363933,0.0910381,0.0102911,0.0064914
0.93,4,-0.378555,-0.353748,0.0476956,-0.222308,-0.0248075
0.93,5,0.0214429,0.0182063,0.0473047,0.0019918,0.00323664
0.94,0,0.219403,0.184201,0.539092,-0.209228,0.0352012
0.94,1,-0.734178,-0.646305,0.154,-3.97693,-0.0878732
0.94,2,1.11224,1.1856,-0.200071,-1.80065,-0.0733597
0.94,3,0.0438797,0.0373133,0.0927764,0.00999829,0.00656641
0.94,4,-0.378058,-0.353277,0.0466837,-0.221592,-0.0247813
0.94,5,0.0219405,0.0186821,0.047799,0.00195219,0.00325838
0.95,0,0.224378,0.189554,0.532165,-0.203551,0.0348236
0.95,1,-0.732686,-0.644772,0.152737,-3.97476,-0.0879136
0.95,2,1.11025,1.18359,-0.200902,-1.79853,-0.0733444
0.95,3,0.0448748,0.0382503,0.0944409,0.00957979,0.00662443
0.95,4,-0.37756,-0.352815,0.0457966,-0.220863,-0.0247456
0.95,5,0.022438,0.0191627,0.0482736,0.0018943,0.00327528
0.96,0,0.229353,0.194839,0.525454,-0.195794,0.0345142
0.96,1,-0.731193,-0.643251,0.151633,-3.97259,-0.0879422
0.96,2,1.10826,1.18158,-0.201616,-1.79641,-0.0733215
0.96,3,0.0458698,0.0392035,0.0960176,0.00905221,0.00666628
0.96,4,-0.377063,-0.352361,0.0450339,-0.22013,-0.0247017
0.96,5,0.0229355,0.0196479,0.0487232,0.00182083,0.00328756
0.97,0,0.234328,0.200057,0.519016,-0.186232,0.0342704
0.97,1,-0.729701,-0.64174,0.150686,-3.97048,-0.0879606
0.97,2,1.10627,1.17956,-0.202213,-1.79433,-0.073292
0.97,3,0.0468648,0.0401719,0.0974953,0.0084318,0.0066929
0.97,4,-0.376565,-0.351914,0.0443936,-0.219404,-0.0246508
0.97,5,0.023433,0.0201375,0.0491438,0.00173438,0.00329551
0.98,0,0.239303,0.205214,0.512904,-0.17514,0.0340893
0.98,1,-0.728208,-0.640238,0.149895,-3.9685,-0.0879705
0.98,2,1.10428,1.17754,-0.202698,-1.79232,-0.0732572
0.98,3,0.0478598,0.0411544,0.0988649,0.00773431,0.00670532
0.98,4,-0.376068,-0.351473,0.0438725,-0.21869,-0.0245943
0.98,5,0.0239305,0.0206311,0.0495323,0.00163742,0.00329942
0.99,0,0.244278,0.210311,0.507158,-0.162783,0.0339673
0.99,1,-0.726715,-0.638742,0.149255,-3.96669,-0.0879732
0.99,2,1.10229,1.17551,-0.203075,-1.79039,-0.0732181
0.99,3,0.0488548,0.0421501,0.10012,0.00697486,0.00670468
0.99,4,-0.37557,-0.351037,0.043466,-0.217998,-0.0245331
0.99,5,0.024428,0.0211284,0.0498863,0.0015323,0.00329964
1,0,0.249253,0.215353,0.501813,-0.149418,0.0339006
1,1,-0.725223,-0.637252,0.14876,-3.9651,-0.0879704
1,2,1.1003,1.17347,-0.203349,-1.78857,-0.0731758
1,3,0.0498498,0.0431576,0.101256,0.00616782,0.00669214
1,4,-0.375072,-0.350604,0.0431687,-0.217332,-0.0244685
1,5,0.0249255,0.021629,0.0502045,0.0014212,0.00329651
1.01,0,0.254228,0.220343,0.496896,-0.135291,0.0338849
1.01,1,-0.72373,-0.635767,0.148403,-3.96374,-0.0879633
1.01,2,1.09831,1.17144,-0.203527,-1.78689,-0.0731313
1.01,3,0.0508448,0.0441759,0.102271,0.00532672,0.0066689
1.01,4,-0.374575,-0.350173,0.0429743,-0.216699,-0.0244015
1.01,5,0.0254231,0.0221327,0.0504861,0.00130616,0.0032904
1.02,0,0.259203,0.225287,0.492425,-0.120634,0.0339161
1.02,1,-0.722238,-0.634284,0.148176,-3.96267,-0.0879535
1.02,2,1.09632,1.1694,-0.203613,-1.78534,-0.0730856
1.02,3,0.0518398,0.0452036,0.103163,0.00446417,0.0066362
1.02,4,-0.374077,-0.349744,0.0428758,-0.216102,-0.024333
1.02,5,0.0259206,0.0226389,0.0507312,0.00118903,0.00328168
1.03,0,0.264179,0.230189,0.488413,-0.105663,0.0339894
1.03,1,-0.720745,-0.632803,0.14807,-3.96189,-0.087942
1.03,2,1.09433,1.16737,-0.203617,-1.78395,-0.0730394
1.03,3,0.0528348,0.0462396,0.103934,0.00359178,0.00659523
1.03,4,-0.37358,-0.349316,0.0428659,-0.215546,-0.0242641
1.03,5,0.0264181,0.0231474,0.0509401,0.00107148,0.0032707
1.04,0,0.269154,0.235053,0.484864,-0.0905818,0.0341003
1.04,1,-0.719253,-0.631323,0.148074,-3.96142,-0.0879301
1.04,2,1.09234,1.16533,-0.203545,-1.78272,-0.0729936
1.04,3,0.0538298,0.0472826,0.104587,0.00272018,0.00654721
1.04,4,-0.373082,-0.348887,0.0429366,-0.215033,-0.0241955
1.04,5,0.0269156,0.0236578,0.0511138,0.00095503,0.00325783
1.05,0,0.274129,0.239885,0.481779,-0.0755734,0.0342441
1.05,1,-0.71776,-0.629841,0.14818,-3.96129,-0.0879187
1.05,2,1.09035,1.1633,-0.203406,-1.78166,-0.072949
1.05,3,0.0548248,0.0483315,0.105124,0.00185891,0.0064933
1.05,4,-0.372585,-0.348457,0.0430799,-0.214565,-0.0241281
1.05,5,0.0274131,0.0241697,0.0512536,0.000840999,0.00324342
1.06,0,0.279104,0.244688,0.479152,-0.0608054,0.0344162
1.06,1,-0.716268,-0.628359,0.148375,-3.96149,-0.087909
1.06,2,1.08836,1.16126,-0.203206,-1.78077,-0.072906
1.06,3,0.0558198,0.0493852,0.10555,0.0010165,0.00643464
1.06,4,-0.372087,-0.348025,0.0432876,-0.214143,-0.0240624
1.06,5,0.0279106,0.0246829,0.0513612,0.000730545,0.00322778
1.07,0,0.284079,0.249467,0.476972,-0.0464274,0.0346122
1.07,1,-0.714775,-0.626873,0.14865,-3.96202,-0.0879016
1.07,2,1.08637,1.15923,-0.202955,-1.78005,-0.0728654
1.07,3,0.0568148,0.0504425,0.105871,0.000200408,0.0063723
1.07,4,-0.37159,-0.34759,0.0435514,-0.213769,-0.0239992
1.07,5,0.0284082,0.0251969,0.0514384,0.000624658,0.00321123
1.08,0,0.289054,0.254227,0.475224,-0.032571,0.0348275
1.08,1,-0.713282,-0.625385,0.148994,-3.96288,-0.0878974
1.08,2,1.08438,1.1572,-0.20266,-1.7795,-0.0728275
1.08,3,0.0578098,0.0515025,0.106093,-0.000582931,0.00630729
1.08,4,-0.371092,-0.347153,0.0438633,-0.213442,-0.0239388
1.08,5,0.0289057,0.0257116,0.0514874,0.000524165,0.00319407
1.09,0,0.294029,0.258971,0.473891,-0.0193499,0.0350581
1.09,1,-0.71179,-0.623893,0.149397,-3.96407,-0.087897
1.09,2,1.08239,1.15518,-0.202328,-1.77913,-0.0727927
1.09,3,0.0588048,0.0525643,0.106223,-0.00132809,0.00624058
1.09,4,-0.370594,-0.346713,0.0442153,-0.213162,-0.0238818
1.09,5,0.0294032,0.0262266,0.0515103,0.000429744,0.00317657
1.1,0,0.299004,0.263705,0.47295,-0.00686048,0.0352998
1.1,1,-0.710297,-0.622396,0.149847,-3.96557,-0.0879008
1.1,2,1.0804,1.15316,-0.201968,-1.77891,-0.0727615
1.1,3,0.0597998,0.0536268,0.106268,-0.0020306,0.00617304
1.1,4,-0.370097,-0.346268,0.0445996,-0.212927,-0.0238285
1.1,5,0.0299007,0.0267417,0.0515097,0.000341926,0.00315897
1.11,0,0.303979,0.268431,0.472378,0.00481798,0.0355488
1.11,1,-0.708805,-0.620895,0.150336,-3.96738,-0.0879094
1.11,2,1.07841,1.15114,-0.201587,-1.77884,-0.0727339
1.11,3,0.0607948,0.0546894,0.106236,-0.00268692,0.00610548
1.11,4,-0.369599,-0.34582,0.0450087,-0.212737,-0.0237791
1.11,5,0.0303982,0.0272567,0.0514878,0.00026111,0.00314149
1.12,0,0.308955,0.273153,0.472148,0.0156226,0.0358017
1.12,1,-0.707312,-0.619389,0.150853,-3.96948,-0.087923
1.12,2,1.07642,1.14913,-0.20119,-1.77893,-0.0727103
1.12,3,0.0617898,0.0557512,0.106134,-0.0032944,0.00603863
1.12,4,-0.369102,-0.345368,0.0454358,-0.21259,-0.023734
1.12,5,0.0308957,0.0277714,0.0514471,0.000187568,0.00312434
1.13,0,0.31393,0.277875,0.472233,0.0255061,0.0360551
1.13,1,-0.70582,-0.617878,0.151389,-3.97185,-0.0879419
1.13,2,1.07443,1.14712,-0.200786,-1.77915,-0.0726907
1.13,3,0.0627849,0.0568117,0.105971,-0.00385118,0.00597314
1.13,4,-0.368604,-0.344911,0.0458741,-0.212483,-0.0236932
1.13,5,0.0313933,0.0282856,0.0513899,0.000121463,0.00310768
1.14,0,0.318905,0.282599,0.472602,0.034436,0.0363061
1.14,1,-0.704327,-0.616361,0.151937,-3.97446,-0.0879663
1.14,2,1.07244,1.14511,-0.200379,-1.7795,-0.0726751
1.14,3,0.0637799,0.0578703,0.105753,-0.0043562,0.00590959
1.14,4,-0.368107,-0.34445,0.0463175,-0.212413,-0.0236568
1.14,5,0.0318908,0.0287991,0.0513186,6.28499e-05,0.00309168
1.15,0,0.32388,0.287328,0.473228,0.0423937,0.0365519
1.15,1,-0.702835,-0.614838,0.152488,-3.97731,-0.0879961
1.15,2,1.07045,1.14311,-0.199975,-1.77996,-0.0726636
1.15,3,0.0647749,0.0589264,0.10549,-0.00480906,0.00584848
1.15,4,-0.367609,-0.343984,0.0467602,-0.212379,-0.0236249
1.15,5,0.0323883,0.0293118,0.0512354,1.16942e-05,0.00307646
1.16,0,0.328855,0.292065,0.474079,0.0493733,0.0367903
1.16,1,-0.701342,-0.613311,0.153034,-3.98036,-0.0880314
1.16,2,1.06846,1.14111,-0.199579,-1.78053,-0.0726561
1.16,3,0.0657699,0.0599797,0.105187,-0.00521003,0.00579022
1.16,4,-0.367112,-0.343514,0.0471971,-0.212377,-0.0235973
1.16,5,0.0328858,0.0298237,0.0511425,-3.21221e-05,0.00306213
1.17,0,0.33383,0.296811,0.475126,0.0553807,0.037019
1.17,1,-0.699849,-0.611777,0.153571,-3.9836,-0.0880722
1.17,2,1.06647,1.13912,-0.199194,-1.78119,-0.0726525
1.17,3,0.0667649,0.0610297,0.104853,-0.00555992,0.00573517
1.17,4,-0.366614,-0.34304,0.0476236,-0.212405,-0.0235741
1.17,5,0.0333833,0.0303346,0.0510421,-6.87892e-05,0.00304877
1.18,0,0.338805,0.301569,0.47634,0.0604323,0.0372363
1.18,1,-0.698357,-0.610239,0.154091,-3.987,-0.0881182
1.18,2,1.06448,1.13713,-0.198826,-1.78193,-0.0726527
1.18,3,0.0677599,0.0620763,0.104494,-0.00586007,0.00568361
1.18,4,-0.366116,-0.342561,0.0480355,-0.212458,-0.0235551
1.18,5,0.0338808,0.0308444,0.0509359,-9.85597e-05,0.00303644
1.19,0,0.34378,0.30634,0.477691,0.0645541,0.0374407
1.19,1,-0.696864,-0.608695,0.15459,-3.99054,-0.0881693
1.19,2,1.06249,1.13514,-0.198477,-1.78274,-0.0726564
1.19,3,0.0687549,0.0631191,0.104116,-0.00611226,0.00563574
1.19,4,-0.365619,-0.342079,0.0484293,-0.212535,-0.0235401
1.19,5,0.0343784,0.0313532,0.0508258,-0.000121739,0.0030252
1.2,0,0.348756,0.311125,0.479152,0.0677803,0.0376309
1.2,1,-0.695372,-0.607146,0.155063,-3.9942,-0.0882253
1.2,2,1.0605,1.13316,-0.198149,-1.78361,-0.0726636
1.2,3,0.0697499,0.0641582,0.103726,-0.00631865,0.00559172
1.2,4,-0.365121,-0.341593,0.0488019,-0.212632,-0.0235289
1.2,5,0.0348759,0.0318608,0.0507135,-0.000138679,0.00301508
1.21,0,0.353731,0.315925,0.480697,0.0701523,0.0378061
1.21,1,-0.693879,-0.605593,0.155507,-3.99796,-0.0882858
1.21,2,1.05851,1.13118,-0.197846,-1.78452,-0.0726738
1.21,3,0.0707449,0.0651933,0.10333,-0.00648171,0.00555164
1.21,4,-0.364624,-0.341103,0.0491507,-0.212745,-0.0235213
1.21,5,0.0353734,0.0323673,0.0506005,-0.000149764,0.00300608
1.22,0,0.358706,0.32074,0.4823,0.0717177,0.0379654
1.22,1,-0.692387,-0.604036,0.155919,-4.00178,-0.0883507
1.22,2,1.05652,1.1292,-0.197568,-1.78547,-0.072687
1.22,3,0.0717399,0.0662244,0.102933,-0.0066042,0.00551553
1.22,4,-0.364126,-0.340609,0.0494737,-0.212873,-0.023517
1.22,5,0.0358709,0.0328727,0.0504882,-0.00015541,0.00299821
1.23,0,0.363681,0.325572,0.483938,0.072529,0.0381086
1.23,1,-0.690894,-0.602475,0.156296,-4.00566,-0.0884194
1.23,2,1.05453,1.12723,-0.197317,-1.78645,-0.0727028
1.23,3,0.0727349,0.0672515,0.102538,-0.00668905,0.00548338
1.23,4,-0.363629,-0.340113,0.0497694,-0.213011,-0.0235158
1.23,5,0.0363684,0.033377,0.0503777,-0.000156053,0.00299145
1.24,0,0.368656,0.330421,0.485589,0.0726426,0.0382352
1.24,1,-0.689401,-0.60091,0.156637,-4.00958,-0.0884917
1.24,2,1.05254,1.12526,-0.197093,-1.78744,-0.0727209
1.24,3,0.0737299,0.0682748,0.102151,-0.00673937,0.00545514
1.24,4,-0.363131,-0.339614,0.0500367,-0.213158,-0.0235175
1.24,5,0.0368659,0.0338801,0.0502702,-0.000152142,0.00298578
1.25,0,0.373631,0.335286,0.487233,0.072118,0.0383454
1.25,1,-0.687909,-0.599342,0.156941,-4.01351,-0.0885672
1.25,2,1.05055,1.12329,-0.196897,-1.78844,-0.0727412
1.25,3,0.0747249,0.0692942,0.101776,-0.00675837,0.00543071
1.25,4,-0.362634,-0.339112,0.0502748,-0.21331,-0.0235216
1.25,5,0.0373634,0.0343823,0.0501666,-0.000144137,0.00298117
1.26,0,0.378606,0.340167,0.488851,0.0710164,0.0384393
1.26,1,-0.686416,-0.597771,0.157206,-4.01744,-0.0886456
1.26,2,1.04856,1.12132,-0.196729,-1.78944,-0.0727632
1.26,3,0.0757199,0.07031,0.101415,-0.00674931,0.00540996
1.26,4,-0.362136,-0.338608,0.0504835,-0.213466,-0.023528
1.26,5,0.037861,0.0348834,0.0500678,-0.000132498,0.00297757
1.27,0,0.383581,0.345064,0.490428,0.0694007,0.0385171
1.27,1,-0.684924,-0.596197,0.157434,-4.02136,-0.0887263
1.27,2,1.04657,1.11935,-0.196588,-1.79043,-0.0727868
1.27,3,0.0767149,0.0713222,0.101071,-0.00671548,0.00539272
1.27,4,-0.361638,-0.338102,0.0506629,-0.213622,-0.0235363
1.27,5,0.0383585,0.0353836,0.0499744,-0.000117685,0.00297493
1.28,0,0.388556,0.349977,0.49195,0.0673335,0.0385796
1.28,1,-0.683431,-0.594622,0.157624,-4.02524,-0.0888092
1.28,2,1.04458,1.11739,-0.196474,-1.7914,-0.0728116
1.28,3,0.0777099,0.0723311,0.100747,-0.00666013,0.00537881
1.28,4,-0.361141,-0.337595,0.0508135,-0.213776,-0.0235462
1.28,5,0.038856,0.0358828,0.0498869,-0.00010015,0.00297318
1.29,0,0.393532,0.354904,0.493402,0.0648775,0.0386271
1.29,1,-0.681939,-0.593045,0.157777,-4.02908,-0.0888938
1.29,2,1.04259,1.11542,-0.196385,-1.79235,-0.0728374
1.29,3,0.0787049,0.0733369,0.100445,-0.00658648,0.00536803
1.29,4,-0.360643,-0.337086,0.050936,-0.213928,-0.0235575
1.29,5,0.0393535,0.0363812,0.0498058,-8.03323e-05,0.00297228
1.3,0,0.398507,0.359846,0.494776,0.062094,0.0386606
1.3,1,-0.680446,-0.591467,0.157894,-4.03287,-0.0889796
1.3,2,1.0406,1.11346,-0.196321,-1.79328,-0.072864
1.3,3,0.0797,0.0743398,0.100165,-0.00649764,0.00536015
1.3,4,-0.360146,-0.336576,0.0510313,-0.214074,-0.0235698
1.3,5,0.039851,0.0368789,0.0497314,-5.86596e-05,0.00297215
1.31,0,0.403482,0.364801,0.496063,0.0590427,0.0386808
1.31,1,-0.678954,-0.589887,0.157978,-4.03659,-0.0890665
1.31,2,1.03861,1.1115,-0.19628,-1.79417,-0.0728911
1.31,3,0.080695,0.07534,0.0999098,-0.00639662,0.00535493
1.31,4,-0.359648,-0.336065,0.0511008,-0.214214,-0.023583
1.31,5,0.0403485,0.0373758,0.049664,-3.554e-05,0.00297273
1.32,0,0.408457,0.369768,0.497255,0.0557813,0.0386886
1.32,1,-0.677461,-0.588307,0.158029,-4.04025,-0.089154
1.32,2,1.03662,1.10953,-0.19626,-1.79503,-0.0729185
1.32,3,0.08169,0.0763378,0.0996792,-0.00628629,0.00535212
1.32,4,-0.359151,-0.335554,0.0511458,-0.214347,-0.0235967
1.32,5,0.0408461,0.0378721,0.0496036,-1.13614e-05,0.00297395
1.33,0,0.413432,0.374747,0.498347,0.0523645,0.0386851
1.33,1,-0.675968,-0.586727,0.158051,-4.04383,-0.0892419
1.33,2,1.03463,1.10757,-0.196261,-1.79586,-0.072946
1.33,3,0.082685,0.0773335,0.0994737,-0.00616936,0.00535149
1.33,4,-0.358653,-0.335042,0.0511679,-0.21447,-0.0236108
1.33,5,0.0413436,0.0383679,0.0495504,1.35108e-05,0.00297572
1.34,0,0.418407,0.379736,0.499335,0.0488441,0.0386712
1.34,1,-0.674476,-0.585146,0.158044,-4.04733,-0.0893299
1.34,2,1.03264,1.10561,-0.196279,-1.79664,-0.0729734
1.34,3,0.08368,0.0783272,0.0992934,-0.00604837,0.00535277
1.34,4,-0.358156,-0.334531,0.0511689,-0.214584,-0.0236249
1.34,5,0.0418411,0.0388631,0.0495042,3.87361e-05,0.002978
1.35,0,0.423382,0.384734,0.500218,0.0452686,0.0386481
1.35,1,-0.672983,-0.583566,0.158012,-4.05074,-0.0894176
1.35,2,1.03065,1.10365,-0.196314,-1.79739,-0.0730004
1.35,3,0.084675,0.0793193,0.099138,-0.00592567,0.00535571
1.35,4,-0.357658,-0.334019,0.0511505,-0.214687,-0.0236389
1.35,5,0.0423386,0.0393579,0.0494649,6.39997e-05,0.00298069
1.36,0,0.428357,0.389741,0.500994,0.0416829,0.0386166
1.36,1,-0.671491,-0.581986,0.157956,-4.05406,-0.0895049
1.36,2,1.02866,1.10168,-0.196363,-1.79809,-0.0730271
1.36,3,0.08567,0.0803099,0.0990071,-0.00580344,0.00536008
1.36,4,-0.35716,-0.333508,0.0511147,-0.214779,-0.0236527
1.36,5,0.0428361,0.0398524,0.0494324,8.90143e-05,0.00298374
1.37,0,0.433332,0.394754,0.501664,0.0381279,0.038578
1.37,1,-0.669998,-0.580407,0.15788,-4.0573,-0.0895915
1.37,2,1.02667,1.09972,-0.196425,-1.79875,-0.0730532
1.37,3,0.086665,0.0812994,0.0988997,-0.00568361,0.00536562
1.37,4,-0.356663,-0.332997,0.0510634,-0.21486,-0.023666
1.37,5,0.0433336,0.0403466,0.0494064,0.00011352,0.00298709
1.38,0,0.438308,0.399774,0.50223,0.0346408,0.0385333
1.38,1,-0.668506,-0.578828,0.157786,-4.06045,-0.0896772
1.38,2,1.02468,1.09775,-0.196497,-1.79937,-0.0730786
1.38,3,0.08766,0.0822879,0.0988152,-0.00556795,0.00537212
1.38,4,-0.356165,-0.332487,0.0509984,-0.214929,-0.0236788
1.38,5,0.0438312,0.0408405,0.0493866,0.000137286,0.00299065
1.39,0,0.443283,0.404799,0.502695,0.0312547,0.0384835
1.39,1,-0.667013,-0.577251,0.157677,-4.06351,-0.0897619
1.39,2,1.02269,1.09579,-0.196578,-1.79994,-0.0731033
1.39,3,0.088655,0.0832757,0.0987522,-0.005458,0.00537933
1.39,4,-0.355668,-0.331977,0.0509218,-0.214987,-0.0236908
1.39,5,0.0443287,0.0413343,0.0493727,0.00016011,0.00299438
1.4,0,0.448258,0.409828,0.503061,0.0279986,0.0384296
1.4,1,-0.665521,-0.575675,0.157554,-4.06648,-0.0898455
1.4,2,1.0207,1.09382,-0.196666,-1.80048,-0.0731271
1.4,3,0.08965,0.0842629,0.0987096,-0.0053551,0.00538707
1.4,4,-0.35517,-0.331468,0.0508354,-0.215034,-0.023702
1.4,5,0.0448262,0.041828,0.0493643,0.000181815,0.00299822
1.41,0,0.453233,0.41486,0.503334,0.0248977,0.0383725
1.41,1,-0.664028,-0.5741,0.157421,-4.06937,-0.0899277
1.41,2,1.01871,1.09186,-0.196759,-1.80098,-0.07315
1.41,3,0.090645,0.0852499,0.098686,-0.0052604,0.00539512
1.41,4,-0.354673,-0.33096,0.0507411,-0.215069,-0.0237123
1.41,5,0.0453237,0.0423216,0.0493611,0.000202256,0.00300212
1.42,0,0.458208,0.419895,0.503518,0.0219732,0.0383132
1.42,1,-0.662535,-0.572527,0.15728,-4.07218,-0.0900086
1.42,2,1.01672,1.08989,-0.196856,-1.80145,-0.0731719
1.42,3,0.09164,0.0862367,0.09868,-0.00517483,0.00540331
1.42,4,-0.354175,-0.330454,0.0506405,-0.215093,-0.0237216
1.42,5,0.0458212,0.0428152,0.0493626,0.000221313,0.00300602
1.43,0,0.463183,0.424931,0.503619,0.0192424,0.0382525
1.43,1,-0.661043,-0.570955,0.157133,-4.07492,-0.090088
1.43,2,1.01473,1.08792,-0.196956,-1.80188,-0.0731929
1.43,3,0.092635,0.0872235,0.0986899,-0.00509916,0.00541148
1.43,4,-0.353678,-0.329948,0.0505355,-0.215107,-0.0237298
1.43,5,0.0463187,0.0433089,0.0493684,0.00023889,0.00300988
1.44,0,0.468158,0.429967,0.503643,0.0167189,0.0381912
1.44,1,-0.65955,-0.569384,0.156982,-4.07759,-0.090166
1.44,2,1.01273,1.08595,-0.197056,-1.80227,-0.0732129
1.44,3,0.09363,0.0882106,0.0987143,-0.00503394,0.00541946
1.44,4,-0.35318,-0.329443,0.0504276,-0.21511,-0.0237371
1.44,5,0.0468163,0.0438026,0.049378,0.000254918,0.00301366
1.45,0,0.473133,0.435003,0.503597,0.014413,0.0381301
1.45,1,-0.658058,-0.567815,0.156829,-4.08018,-0.0902424
1.45,2,1.01074,1.08398,-0.197156,-1.80264,-0.0732318
1.45,3,0.094625,0.0891979,0.0987515,-0.00497958,0.00542713
1.45,4,-0.352682,-0.328939,0.0503183,-0.215105,-0.0237432
1.45,5,0.0473138,0.0442964,0.049391,0.000269351,0.00301733
1.46,0,0.478108,0.440039,0.503487,0.0123315,0.0380698
1.46,1,-0.656565,-0.566248,0.156677,-4.08272,-0.0903173
1.46,2,1.00875,1.082,-0.197254,-1.80298,-0.0732498
1.46,3,0.09562,0.0901857,0.0987999,-0.00493633,0.00543436
1.46,4,-0.352185,-0.328437,0.050209,-0.21509,-0.0237482
1.46,5,0.0478113,0.0447904,0.0494069,0.000282165,0.00302085
1.47,0,0.483084,0.445073,0.50332,0.0104781,0.0380109
1.47,1,-0.655073,-0.564682,0.156526,-4.0852,-0.0903907
1.47,2,1.00676,1.08003,-0.19735,-1.8033,-0.0732668
1.47,3,0.096615,0.091174,0.0988581,-0.00490427,0.00544106
1.47,4,-0.351687,-0.327935,0.0501008,-0.215068,-0.0237521
1.47,5,0.0483088,0.0452846,0.0494254,0.000293357,0.0030242
1.48,0,0.488059,0.450105,0.503102,0.00885377,0.037954
1.48,1,-0.65358,-0.563118,0.156378,-4.08764,-0.0904626
1.48,2,1.00477,1.07806,-0.197442,-1.8036,-0.0732828
1.48,3,0.0976101,0.0921629,0.0989243,-0.00488336,0.00544712
1.48,4,-0.35119,-0.327435,0.049995,-0.215038,-0.023755
1.48,5,0.0488063,0.045779,0.049446,0.000302941,0.00302735
1.49,0,0.493034,0.455134,0.502841,0.00745669,0.0378995
1.49,1,-0.652088,-0.561555,0.156235,-4.09002,-0.090533
1.49,2,1.00278,1.07608,-0.197529,-1.80388,-0.073298
1.49,3,0.0986051,0.0931526,0.0989972,-0.00487343,0.00545249
1.49,4,-0.350692,-0.326935,0.0498925,-0.215001,-0.0237568
1.49,5,0.0493038,0.0462735,0.0494682,0.000310948,0.00303028
1.5,0,0.498009,0.460161,0.502543,0.00628273,0.0378478
1.5,1,-0.650595,-0.559993,0.156097,-4.09237,-0.090602
1.5,2,1.00079,1.07411,-0.197612,-1.80415,-0.0733123
1.5,3,0.0996001,0.094143,0.0990753,-0.0048742,0.0054571
1.5,4,-0.350195,-0.326437,0.0497942,-0.214958,-0.0237577
1.5,5,0.0498013,0.0467684,0.0494917,0.000317426,0.00303299
1.51,0,0.502984,0.465185,0.502215,0.00532562,0.0377993
1.51,1,-0.649102,-0.558433,0.155966,-4.09469,-0.0906697
1.51,2,0.998805,1.07213,-0.197689,-1.8044,-0.0733258
1.51,3,0.100595,0.0951342,0.0991572,-0.0048853,0.0054609
1.51,4,-0.349697,-0.32594,0.0497008,-0.214911,-0.0237575
1.51,5,0.0502989,0.0472634,0.0495161,0.000322434,0.00303545
1.52,0,0.507959,0.470205,0.501863,0.00457721,0.0377542
1.52,1,-0.64761,-0.556874,0.155842,-4.09697,-0.0907361
1.52,2,0.996814,1.07015,-0.197759,-1.80464,-0.0733386
1.52,3,0.10159,0.0961262,0.0992417,-0.00490627,0.00546387
1.52,4,-0.3492,-0.325443,0.049613,-0.214858,-0.0237565
1.52,5,0.0507964,0.0477587,0.049541,0.000326043,0.00303767
1.53,0,0.512934,0.475222,0.501493,0.00402774,0.0377127
1.53,1,-0.646117,-0.555316,0.155727,-4.09923,-0.0908013
1.53,2,0.994824,1.06818,-0.197824,-1.80487,-0.0733507
1.53,3,0.102585,0.0971191,0.0993275,-0.00493657,0.00546599
1.53,4,-0.348702,-0.324947,0.0495313,-0.214803,-0.0237546
1.53,5,0.0512939,0.0482543,0.0495662,0.000328336,0.00303964
1.54,0,0.517909,0.480234,0.501111,0.00366605,0.0376749
1.54,1,-0.644625,-0.553759,0.15562,-4.10148,-0.0908655
1.54,2,0.992834,1.0662,-0.197882,-1.8051,-0.0733622
1.54,3,0.10358,0.0981128,0.0994135,-0.00497561,0.00546725
1.54,4,-0.348204,-0.324453,0.049456,-0.214744,-0.023752
1.54,5,0.0517914,0.0487501,0.0495912,0.000329399,0.00304135
1.55,0,0.522885,0.485243,0.500721,0.00347989,0.0376411
1.55,1,-0.643132,-0.552204,0.155522,-4.10371,-0.0909286
1.55,2,0.990844,1.06422,-0.197933,-1.80533,-0.0733732
1.55,3,0.104575,0.0991074,0.0994987,-0.00502276,0.00546765
1.55,4,-0.347707,-0.323958,0.0493875,-0.214682,-0.0237486
1.55,5,0.0522889,0.0492461,0.0496159,0.000329329,0.00304282
1.56,0,0.52786,0.490248,0.50033,0.00345607,0.0376111
1.56,1,-0.64164,-0.550649,0.155433,-4.10593,-0.0909907
1.56,2,0.988854,1.06224,-0.197978,-1.80555,-0.0733837
1.56,3,0.10557,0.100103,0.0995823,-0.00507733,0.00546721
1.56,4,-0.347209,-0.323465,0.0493258,-0.214619,-0.0237445
1.56,5,0.0527864,0.0497424,0.04964,0.000328225,0.00304405
1.57,0,0.532835,0.49525,0.499941,0.00358078,0.0375851
1.57,1,-0.640147,-0.549095,0.155354,-4.10814,-0.0910521
1.57,2,0.986864,1.06026,-0.198016,-1.80578,-0.0733937
1.57,3,0.106565,0.101099,0.0996634,-0.00513863,0.00546594
1.57,4,-0.346712,-0.322972,0.0492712,-0.214555,-0.0237399
1.57,5,0.053284,0.0502389,0.0496632,0.000326188,0.00304503
1.58,0,0.53781,0.500247,0.499559,0.0038397,0.0375629
1.58,1,-0.638655,-0.547542,0.155284,-4.11036,-0.0911126
1.58,2,0.984874,1.05828,-0.198047,-1.80601,-0.0734035
1.58,3,0.10756,0.102096,0.0997412,-0.00520593,0.00546388
1.58,4,-0.346214,-0.322479,0.0492235,-0.21449,-0.0237348
1.58,5,0.0537815,0.0507357,0.0496855,0.000323324,0.00304579
1.59,0,0.542785,0.50524,0.499187,0.00421828,0.0375445
1.59,1,-0.637162,-0.545989,0.155222,-4.11257,-0.0911726
1.59,2,0.982884,1.0563,-0.198072,-1.80624,-0.0734129
1.59,3,0.108555,0.103094,0.0998153,-0.00527853,0.00546106
1.59,4,-0.345717,-0.321987,0.0491827,-0.214426,-0.0237293
1.59,5,0.054279,0.0512327,0.0497065,0.000319736,0.00304634
1.6,0,0.54776,0.51023,0.498829,0.00470189,0.0375297
1.6,1,-0.635669,-0.544437,0.15517,-4.11479,-0.0912319
1.6,2,0.980894,1.05432,-0.198091,-1.80648,-0.0734222
1.6,3,0.10955,0.104093,0.099885,-0.00535569,0.00545753
1.6,4,-0.345219,-0.321496,0.0491487,-0.214361,-0.0237234
1.6,5,0.0547765,0.0517298,0.0497262,0.000315527,0.00304668
1.61,0,0.552735,0.515217,0.498487,0.00527597,0.0375184
1.61,1,-0.634177,-0.542886,0.155126,-4.11701,-0.0912908
1.61,2,0.978904,1.05234,-0.198104,-1.80673,-0.0734312
1.61,3,0.110545,0.105092,0.0999499,-0.00543673,0.00545332
1.61,4,-0.344722,-0.321004,0.0491211,-0.214298,-0.0237171
1.61,5,0.055274,0.0522272,0.0497445,0.000310798,0.00304683
1.62,0,0.55771,0.5202,0.498164,0.00592621,0.0375105
1.62,1,-0.632684,-0.541335,0.155091,-4.11925,-0.0913493
1.62,2,0.976914,1.05035,-0.198112,-1.80698,-0.0734402
1.62,3,0.11154,0.106092,0.10001,-0.00552093,0.0054485
1.62,4,-0.344224,-0.320513,0.0490998,-0.214235,-0.0237107
1.62,5,0.0557715,0.0527247,0.0497613,0.000305648,0.00304681
1.63,0,0.562685,0.52518,0.497862,0.00663871,0.0375056
1.63,1,-0.631192,-0.539784,0.155063,-4.12149,-0.0914075
1.63,2,0.974924,1.04837,-0.198114,-1.80725,-0.0734491
1.63,3,0.112535,0.107092,0.100064,-0.00560765,0.0054431
1.63,4,-0.343726,-0.320022,0.0490845,-0.214174,-0.023704
1.63,5,0.0562691,0.0532224,0.0497765,0.000300171,0.00304663
1.64,0,0.567661,0.530157,0.497582,0.00740002,0.0375037
1.64,1,-0.629699,-0.538234,0.155042,-4.12375,-0.0914655
1.64,2,0.972934,1.04639,-0.198112,-1.80752,-0.0734581
1.64,3,0.11353,0.108093,0.100113,-0.00569623,0.00543719
1.64,4,-0.343229,-0.319532,0.0490746,-0.214115,-0.0236973
1.64,5,0.0567666,0.0537203,0.0497901,0.000294456,0.0030463
1.65,0,0.572636,0.535131,0.497326,0.00819735,0.0375044
1.65,1,-0.628207,-0.536683,0.155028,-4.12601,-0.0915233
1.65,2,0.970944,1.04441,-0.198106,-1.8078,-0.073467
1.65,3,0.114525,0.109094,0.100157,-0.00578609,0.00543081
1.65,4,-0.342731,-0.319041,0.0490699,-0.214058,-0.0236904
1.65,5,0.0572641,0.0542182,0.0498022,0.000288588,0.00304585
1.66,0,0.577611,0.540103,0.497094,0.00901855,0.0375075
1.66,1,-0.626714,-0.535133,0.15502,-4.1283,-0.0915809
1.66,2,0.968954,1.04243,-0.198096,-1.80809,-0.0734761
1.66,3,0.11552,0.110096,0.100195,-0.00587665,0.00542403
1.66,4,-0.342234,-0.31855,0.04907,-0.214003,-0.0236836
1.66,5,0.0577616,0.0547163,0.0498126,0.000282645,0.00304528
1.67,0,0.582586,0.545073,0.496888,0.00985229,0.0375129
1.67,1,-0.625222,-0.533583,0.155017,-4.13059,-0.0916386
1.67,2,0.966963,1.04045,-0.198083,-1.80839,-0.0734853
1.67,3,0.116515,0.111098,0.100227,-0.0059674,0.00541691
1.67,4,-0.341736,-0.31806,0.0490743,-0.213951,-0.0236767
1.67,5,0.0582591,0.0552145,0.0498214,0.000276701,0.00304462
1.68,0,0.587561,0.550041,0.496706,0.010688,0.0375201
1.68,1,-0.623729,-0.532033,0.155019,-4.1329,-0.0916962
1.68,2,0.964973,1.03847,-0.198067,-1.8087,-0.0734946
1.68,3,0.11751,0.112101,0.100254,-0.00605784,0.00540949
1.68,4,-0.341239,-0.317569,0.0490824,-0.213901,-0.0236699
1.68,5,0.0587566,0.0557127,0.0498287,0.000270821,0.00304388
1.69,0,0.592536,0.555007,0.496549,0.0115161,0.0375291
1.69,1,-0.622236,-0.530483,0.155025,-4.13523,-0.0917538
1.69,2,0.962983,1.03649,-0.198049,-1.80902,-0.0735041
1.69,3,0.118505,0.113103,0.100276,-0.00614754,0.00540182
1.69,4,-0.340741,-0.317078,0.049094,-0.213853,-0.0236633
1.69,5,0.0592542,0.0562111,0.0498345,0.000265064,0.00304308
1.7,0,0.597511,0.559972,0.496417,0.0123278,0.0375394
1.7,1,-0.620744,-0.528932,0.155035,-4.13757,-0.0918116
1.7,2,0.960993,1.03451,-0.198028,-1.80936,-0.0735138
1.7,3,0.1195,0.114106,0.100293,-0.00623611,0.00539397
1.7,4,-0.340244,-0.316587,0.0491085,-0.213808,-0.0236567
1.7,5,0.0597517,0.0567094,0.0498388,0.000259485,0.00304223
1.71,0,0.602486,0.564935,0.496308,0.0131153,0.037551
1.71,1,-0.619251,-0.527382,0.155047,-4.13992,-0.0918694
1.71,2,0.959003,1.03253,-0.198006,-1.8097,-0.0735237
1.71,3,0.120495,0.115109,0.100305,-0.0063232,0.00538598
1.71,4,-0.339746,-0.316096,0.0491255,-0.213766,-0.0236504
1.71,5,0.0602492,0.0572078,0.0498418,0.00025413,0.00304134
1.72,0,0.607461,0.569898,0.496223,0.0138716,0.0375635
1.72,1,-0.617759,-0.525831,0.155063,-4.14228,-0.0919274
1.72,2,0.957013,1.03055,-0.197983,-1.81005,-0.0735338
1.72,3,0.12149,0.116112,0.100312,-0.00640851,0.00537789
1.72,4,-0.339248,-0.315604,0.0491445,-0.213726,-0.0236442
1.72,5,0.0607467,0.0577063,0.0498436,0.000249038,0.00304042
1.73,0,0.612437,0.57486,0.49616,0.0145909,0.0375768
1.73,1,-0.616266,-0.524281,0.155079,-4.14466,-0.0919856
1.73,2,0.955023,1.02857,-0.197959,-1.81041,-0.0735442
1.73,3,0.122485,0.117115,0.100315,-0.00649177,0.00536975
1.73,4,-0.338751,-0.315113,0.0491652,-0.213688,-0.0236382
1.73,5,0.0612442,0.0582047,0.0498442,0.000244242,0.0030395
1.74,0,0.617412,0.579821,0.496118,0.015268,0.0375905
1.74,1,-0.614774,-0.52273,0.155098,-4.14705,-0.0920439
1.74,2,0.953033,1.02659,-0.197935,-1.81077,-0.0735548
1.74,3,0.12348,0.118119,0.100315,-0.00657279,0.0053616
1.74,4,-0.338253,-0.314621,0.0491871,-0.213653,-0.0236324
1.74,5,0.0617417,0.0587032,0.0498437,0.000239771,0.00303858
1.75,0,0.622387,0.584782,0.496095,0.0158987,0.0376046
1.75,1,-0.613281,-0.521179,0.155117,-4.14945,-0.0921025
1.75,2,0.951043,1.02461,-0.197911,-1.81115,-0.0735656
1.75,3,0.124475,0.119122,0.10031,-0.00665138,0.00535348
1.75,4,-0.337756,-0.314129,0.0492098,-0.213619,-0.0236268
1.75,5,0.0622392,0.0592016,0.0498422,0.000235645,0.00303766
1.76,0,0.627362,0.589743,0.496091,0.0164798,0.0376188
1.76,1,-0.611789,-0.519627,0.155136,-4.15185,-0.0921612
1.76,2,0.949053,1.02263,-0.197887,-1.81153,-0.0735767
1.76,3,0.12547,0.120125,0.100303,-0.00672741,0.00534542
1.76,4,-0.337258,-0.313637,0.0492331,-0.213588,-0.0236215
1.76,5,0.0627368,0.0597,0.0498399,0.00023188,0.00303677
1.77,0,0.632337,0.594704,0.496103,0.0170088,0.037633
1.77,1,-0.610296,-0.518076,0.155155,-4.15427,-0.0922201
1.77,2,0.947063,1.02065,-0.197863,-1.81191,-0.073588
1.77,3,0.126465,0.121128,0.100292,-0.00680079,0.00533746
1.77,4,-0.336761,-0.313144,0.0492565,-0.213559,-0.0236164
1.77,5,0.0632343,0.0601984,0.0498367,0.000228486,0.0030359
1.78,0,0.637312,0.599665,0.496131,0.017484,0.0376469
1.78,1,-0.608803,-0.516524,0.155174,-4.15669,-0.0922792
1.78,2,0.945073,1.01867,-0.19784,-1.81231,-0.0735996
1.78,3,0.12746,0.122131,0.100279,-0.00687146,0.00532961
1.78,4,-0.336263,-0.312652,0.0492797,-0.213532,-0.0236115
1.78,5,0.0637318,0.0606967,0.0498329,0.000225468,0.00303507
1.79,0,0.642287,0.604627,0.496172,0.0179043,0.0376605
1.79,1,-0.607311,-0.514972,0.155191,-4.15911,-0.0923384
1.79,2,0.943083,1.01669,-0.197818,-1.8127,-0.0736114
1.79,3,0.128455,0.123133,0.100264,-0.0069394,0.0053219
1.79,4,-0.335766,-0.312159,0.0493025,-0.213506,-0.0236069
1.79,5,0.0642293,0.061195,0.0498286,0.000222827,0.00303428
1.8,0,0.647262,0.609589,0.496225,0.0182695,0.0376736
1.8,1,-0.605818,-0.51342,0.155208,-4.16154,-0.0923979
1.8,2,0.941093,1.01472,-0.197798,-1.81311,-0.0736234
1.8,3,0.12945,0.124136,0.100247,-0.00700461,0.00531436
1.8,4,-0.335268,-0.311666,0.0493247,-0.213482,-0.0236025
1.8,5,0.0647268,0.0616933,0.0498238,0.000220559,0.00303354
1.81,0,0.652237,0.614551,0.496289,0.0185798,0.0376861
1.81,1,-0.604326,-0.511868,0.155223,-4.16397,-0.0924575
1.81,2,0.939103,1.01274,-0.197778,-1.81351,-0.0736355
1.81,3,0.130445,0.125138,0.100229,-0.00706713,0.005307
1.81,4,-0.33477,-0.311172,0.0493459,-0.213459,-0.0235983
1.81,5,0.0652243,0.0621915,0.0498185,0.000218657,0.00303284
1.82,0,0.657213,0.619515,0.496361,0.0188363,0.037698
1.82,1,-0.602833,-0.510316,0.155236,-4.1664,-0.0925172
1.82,2,0.937113,1.01076,-0.19776,-1.81392,-0.0736479
1.82,3,0.13144,0.12614,0.100209,-0.007127,0.00529983
1.82,4,-0.334273,-0.310679,0.0493661,-0.213438,-0.0235943
1.82,5,0.0657219,0.0626897,0.049813,0.00021711,0.0030322
1.83,0,0.662188,0.624479,0.49644,0.0190403,0.037709
1.83,1,-0.601341,-0.508763,0.155248,-4.16883,-0.0925771
1.83,2,0.935122,1.00878,-0.197744,-1.81433,-0.0736605
1.83,3,0.132435,0.127142,0.100188,-0.00718432,0.00529286
1.83,4,-0.333775,-0.310185,0.0493851,-0.213417,-0.0235905
1.83,5,0.0662194,0.0631878,0.0498073,0.000215904,0.00303162
1.84,0,0.667163,0.629444,0.496526,0.0191936,0.0377193
1.84,1,-0.599848,-0.507211,0.155257,-4.17125,-0.0926371
1.84,2,0.933132,1.00681,-0.197729,-1.81474,-0.0736732
1.84,3,0.13343,0.128144,0.100167,-0.00723919,0.0052861
1.84,4,-0.333278,-0.309691,0.0494026,-0.213397,-0.0235869
1.84,5,0.0667169,0.0636858,0.0498015,0.000215023,0.0030311
1.85,0,0.672138,0.634409,0.496616,0.0192986,0.0377287
1.85,1,-0.598355,-0.505658,0.155264,-4.17368,-0.0926971
1.85,2,0.931142,1.00483,-0.197716,-1.81515,-0.073686
1.85,3,0.134425,0.129146,0.100145,-0.00729171,0.00527955
1.85,4,-0.33278,-0.309197,0.0494187,-0.213377,-0.0235835
1.85,5,0.0672144,0.0641838,0.0497957,0.000214449,0.00303063
1.86,0,0.677113,0.639376,0.496709,0.0193578,0.0377371
1.86,1,-0.596863,-0.504106,0.155269,-4.1761,-0.0927573
1.86,2,0.929152,1.00285,-0.197704,-1.81556,-0.073699
1.86,3,0.13542,0.130147,0.100124,-0.00734202,0.00527322
1.86,4,-0.332283,-0.308703,0.0494332,-0.213358,-0.0235802
1.86,5,0.0677119,0.0646817,0.0497898,0.00021416,0.00303022
1.87,0,0.682088,0.644344,0.496803,0.019374,0.0377446
1.87,1,-0.59537,-0.502553,0.155272,-4.17851,-0.0928174
1.87,2,0.927162,1.00087,-0.197694,-1.81597,-0.0737121
1.87,3,0.136415,0.131148,0.100102,-0.00739026,0.00526711
1.87,4,-0.331785,-0.308208,0.0494461,-0.213339,-0.023577
1.87,5,0.0682094,0.0651796,0.049784,0.000214136,0.00302987
1.88,0,0.687063,0.649312,0.496899,0.0193504,0.0377512
1.88,1,-0.593878,-0.501,0.155273,-4.18092,-0.0928776
1.88,2,0.925172,0.998897,-0.197686,-1.81639,-0.0737253
1.88,3,0.13741,0.132149,0.100081,-0.00743657,0.00526121
1.88,4,-0.331288,-0.307714,0.0494574,-0.213321,-0.023574
1.88,5,0.068707,0.0656774,0.0497784,0.000214354,0.00302958
1.89,0,0.692038,0.654282,0.496994,0.0192902,0.0377568
1.89,1,-0.592385,-0.499448,0.155271,-4.18332,-0.0929377
1.89,2,0.923182,0.996921,-0.197679,-1.8168,-0.0737385
1.89,3,0.138405,0.13315,0.100061,-0.00748113,0.00525552
1.89,4,-0.33079,-0.307219,0.0494669,-0.213302,-0.0235711
1.89,5,0.0692045,0.0661751,0.049773,0.000214791,0.00302934
1.9,0,0.697014,0.659252,0.497087,0.0191968,0.0377614
1.9,1,-0.590893,-0.497895,0.155267,-4.18571,-0.0929979
1.9,2,0.921192,0.994944,-0.197674,-1.81721,-0.0737518
1.9,3,0.1394,0.13415,0.100041,-0.00752407,0.00525003
1.9,4,-0.330292,-0.306724,0.0494749,-0.213283,-0.0235682
1.9,5,0.069702,0.0666728,0.0497678,0.000215422,0.00302915
1.91,0,0.701989,0.664223,0.497178,0.0190737,0.0377652
1.91,1,-0.5894,-0.496342,0.15526,-4.1881,-0.0930579
1.91,2,0.919202,0.992967,-0.19767,-1.81761,-0.0737652
1.91,3,0.140395,0.135151,0.100022,-0.00756557,0.00524473
1.91,4,-0.329795,-0.306229,0.0494812,-0.213264,-0.0235655
1.91,5,0.0701995,0.0671705,0.0497629,0.000216224,0.00302902
1.92,0,0.706964,0.669196,0.497266,0.0189244,0.037768
1.92,1,-0.587908,-0.49479,0.155252,-4.19047,-0.0931179
1.92,2,0.917212,0.99099,-0.197668,-1.81802,-0.0737785
1.92,3,0.14139,0.136151,0.100003,-0.00760579,0.00523962
1.92,4,-0.329297,-0.305735,0.0494859,-0.213245,-0.0235628
1.92,5,0.070697,0.0676681,0.0497583,0.000217174,0.00302893
1.93,0,0.711939,0.674169,0.497349,0.0187523,0.03777
1.93,1,-0.586415,-0.493237,0.155242,-4.19284,-0.0931778
1.93,2,0.915222,0.989014,-0.197667,-1.81842,-0.0737919
1.93,3,0.142385,0.137151,0.0999863,-0.00764489,0.00523469
1.93,4,-0.3288,-0.30524,0.0494891,-0.213225,-0.0235601
1.93,5,0.0711945,0.0681656,0.049754,0.000218247,0.00302889
1.94,0,0.716914,0.679143,0.497429,0.018561,0.0377712
1.94,1,-0.584922,-0.491685,0.155229,-4.19519,-0.0932376
1.94,2,0.913232,0.987037,-0.197667,-1.81882,-0.0738053
1.94,3,0.14338,0.13815,0.0999704,-0.00768301,0.00522992
1.94,4,-0.328302,-0.304745,0.0494909,-0.213205,-0.0235574
1.94,5,0.071692,0.0686632,0.04975,0.000219422,0.00302889
1.95,0,0.721889,0.684117,0.497504,0.0183537,0.0377716
1.95,1,-0.58343,-0.490133,0.155215,-4.19754,-0.0932973
1.95,2,0.911242,0.98506,-0.197669,-1.81922,-0.0738187
1.95,3,0.144375,0.13915,0.0999556,-0.00772033,0.00522531
1.95,4,-0.327805,-0.30425,0.0494912,-0.213184,-0.0235548
1.95,5,0.0721896,0.0691606,0.0497464,0.000220677,0.00302892
1.96,0,0.726864,0.689093,0.497573,0.0181337,0.0377713
1.96,1,-0.581937,-0.488581,0.1552,-4.19987,-0.0933568
1.96,2,0.909252,0.983084,-0.197671,-1.81962,-0.0738321
1.96,3,0.14537,0.140149,0.0999421,-0.00775697,0.00522083
1.96,4,-0.327307,-0.303755,0.0494903,-0.213162,-0.0235521
1.96,5,0.0726871,0.0696581,0.0497432,0.000221991,0.00302899
1.97,0,0.731839,0.694069,0.497636,0.0179041,0.0377703
1.97,1,-0.580445,-0.487029,0.155183,-4.20219,-0.0934162
1.97,2,0.907262,0.981107,-0.197675,-1.82001,-0.0738454
1.97,3,0.146365,0.141149,0.0999298,-0.00779307,0.00521648
1.97,4,-0.32681,-0.30326,0.0494882,-0.21314,-0.0235495
1.97,5,0.0731846,0.0701555,0.0497404,0.000223345,0.00302909
1.98,0,0.736814,0.699046,0.497694,0.017668,0.0377688
1.98,1,-0.578952,-0.485477,0.155164,-4.20451,-0.0934753
1.98,2,0.905271,0.97913,-0.197679,-1.8204,-0.0738587
1.98,3,0.14736,0.142148,0.0999188,-0.00782878,0.00521225
1.98,4,-0.326312,-0.302765,0.049485,-0.213117,-0.0235468
1.98,5,0.0736821,0.0706529,0.0497379,0.000224719,0.00302922
1.99,0,0.74179,0.704023,0.497746,0.017428,0.0377666
1.99,1,-0.57746,-0.483925,0.155144,-4.20681,-0.0935343
1.99,2,0.903281,0.977153,-0.197683,-1.82079,-0.0738719
1.99,3,0.148355,0.143147,0.0999091,-0.0078642,0.00520812
1.99,4,-0.325814,-0.30227,0.0494808,-0.213093,-0.0235441
1.99,5,0.0741796,0.0711503,0.0497358,0.000226098,0.00302937
2,0,0.746765,0.709001,0.497792,0.0171868,0.037764
2,1,-0.575967,-0.482374,0.155124,-4.20909,-0.0935931
2,2,0.901291,0.975176,-0.197689,-1.82118,-0.0738851
2,3,0.14935,0.144146,0.0999005,-0.00789946,0.00520409
2,4,-0.325317,-0.301776,0.0494757,-0.213068,-0.0235413
2,5,0.0746771,0.0716476,0.049734,0.000227465,0.00302953
2.01,0,0.75174,0.713979,0.497831,0.0169467,0.037761
2.01,1,-0.574475,-0.480823,0.155102,-4.21137,-0.0936516
2.01,2,0.899301,0.9732,-0.197695,-1.82156,-0.0738983
2.01,3,0.150345,0.145145,0.0998932,-0.00793465,0.00520013
2.01,4,-0.324819,-0.301281,0.0494699,-0.213043,-0.0235385
2.01,5,0.0751747,0.0721449,0.0497326,0.000228806,0.00302972
2.02,0,0.756715,0.718957,0.497865,0.01671,0.0377576
2.02,1,-0.572982,-0.479272,0.15508,-4.21364,-0.09371
2.02,2,0.897311,0.971223,-0.197701,-1.82194,-0.0739114
2.02,3,0.15134,0.146144,0.099887,-0.00796986,0.00519624
2.02,4,-0.324322,-0.300786,0.0494633,-0.213016,-0.0235356
2.02,5,0.0756722,0.0726423,0.0497315,0.000230109,0.00302991
2.03,0,0.76169,0.723936,0.497893,0.0164787,0.0377539
2.03,1,-0.571489,-0.477721,0.155057,-4.21589,-0.0937681
2.03,2,0.895321,0.969246,-0.197707,-1.82232,-0.0739244
2.03,3,0.152335,0.147143,0.099882,-0.00800518,0.0051924
2.03,4,-0.323824,-0.300292,0.0494562,-0.212989,-0.0235326
2.03,5,0.0761697,0.0731396,0.0497308,0.000231362,0.00303012
2.04,0,0.766665,0.728915,0.497915,0.0162543,0.03775
2.04,1,-0.569997,-0.476171,0.155034,-4.21814,-0.093826
2.04,2,0.893331,0.967268,-0.197714,-1.82269,-0.0739373
2.04,3,0.15333,0.148142,0.099878,-0.00804069,0.00518861
2.04,4,-0.323327,-0.299797,0.0494486,-0.212961,-0.0235296
2.04,5,0.0766672,0.0736369,0.0497303,0.000232556,0.00303033
2.05,0,0.77164,0.733894,0.497932,0.0160386,0.0377459
2.05,1,-0.568504,-0.474621,0.15501,-4.22037,-0.0938836
2.05,2,0.891341,0.965291,-0.197721,-1.82307,-0.0739502
2.05,3,0.154325,0.149141,0.0998749,-0.00807643,0.00518485
2.05,4,-0.322829,-0.299303,0.0494407,-0.212932,-0.0235265
2.05,5,0.0771647,0.0741342,0.0497301,0.000233683,0.00303054
2.06,0,0.776615,0.738874,0.497944,0.0158327,0.0377416
2.06,1,-0.567012,-0.473071,0.154986,-4.2226,-0.093941
2.06,2,0.889351,0.963314,-0.197727,-1.82344,-0.0739631
2.06,3,0.15532,0.150139,0.0998728,-0.00811248,0.00518112
2.06,4,-0.322332,-0.298808,0.0494325,-0.212902,-0.0235233
2.06,5,0.0776622,0.0746315,0.0497302,0.000234735,0.00303076
2.07,0,0.78159,0.743853,0.49795,0.0156378,0.0377372
2.07,1,-0.565519,-0.471521,0.154962,-4.22482,-0.0939982
2.07,2,0.887361,0.961337,-0.197734,-1.82381,-0.0739758
2.07,3,0.156315,0.151138,0.0998715,-0.00814886,0.00517741
2.07,4,-0.321834,-0.298314,0.0494241,-0.212872,-0.02352
2.07,5,0.0781598,0.0751288,0.0497305,0.000235708,0.00303097
2.08,0,0.786566,0.748833,0.497953,0.0154548,0.0377328
2.08,1,-0.564027,-0.469972,0.154938,-4.22702,-0.0940551
2.08,2,0.885371,0.959359,-0.19774,-1.82417,-0.0739885
2.08,3,0.15731,0.152137,0.099871,-0.00818561,0.0051737
2.08,4,-0.321336,-0.29782,0.0494155,-0.212841,-0.0235166
2.08,5,0.0786573,0.0756261,0.049731,0.000236598,0.00303118
2.09,0,0.791541,0.753812,0.497951,0.0152843,0.0377284
2.09,1,-0.562534,-0.468422,0.154915,-4.22922,-0.0941118
2.09,2,0.883381,0.957382,-0.197746,-1.82454,-0.0740011
2.09,3,0.158305,0.153135,0.0998712,-0.00822276,0.00517
2.09,4,-0.320839,-0.297326,0.049407,-0.212809,-0.0235132
2.09,5,0.0791548,0.0761234,0.0497317,0.0002374,0.00303138
2.1,0,0.796516,0.758792,0.497945,0.0151268,0.037724
2.1,1,-0.561042,-0.466873,0.154891,-4.23141,-0.0941683
2.1,2,0.881391,0.955404,-0.197752,-1.82491,-0.0740137
2.1,3,0.1593,0.154134,0.099872,-0.00826033,0.00516629
2.1,4,-0.320341,-0.296832,0.0493985,-0.212776,-0.0235096
2.1,5,0.0796523,0.0766207,0.0497326,0.000238115,0.00303158
2.11,0,0.801491,0.763771,0.497936,0.0149827,0.0377198
2.11,1,-0.559549,-0.465324,0.154868,-4.23358,-0.0942245
2.11,2,0.879401,0.953427,-0.197758,-1.82527,-0.0740262
2.11,3,0.160295,0.155133,0.0998733,-0.00829831,0.00516256
2.11,4,-0.319844,-0.296338,0.0493901,-0.212743,-0.023506
2.11,5,0.0801498,0.0771181,0.0497336,0.000238741,0.00303176
2.12,0,0.806466,0.76875,0.497924,0.014852,0.0377156
2.12,1,-0.558056,-0.463776,0.154845,-4.23576,-0.0942805
2.12,2,0.877411,0.951449,-0.197764,-1.82563,-0.0740387
2.12,3,0.16129,0.156132,0.099875,-0.00833672,0.00515883
2.12,4,-0.319346,-0.295844,0.0493819,-0.21271,-0.0235023
2.12,5,0.0806473,0.0776154,0.0497347,0.000239279,0.00303194
2.13,0,0.811441,0.77373,0.497909,0.0147348,0.0377115
2.13,1,-0.556564,-0.462228,0.154822,-4.23792,-0.0943363
2.13,2,0.875421,0.949472,-0.197769,-1.82599,-0.0740511
2.13,3,0.162285,0.15713,0.0998771,-0.00837555,0.00515507
2.13,4,-0.318849,-0.29535,0.0493739,-0.212675,-0.0234985
2.13,5,0.0811449,0.0781128,0.0497359,0.00023973,0.0030321
2.14,0,0.816416,0.778709,0.497892,0.0146309,0.0377077
2.14,1,-0.555071,-0.460679,0.1548,-4.24007,-0.0943918
2.14,2,0.87343,0.947494,-0.197773,-1.82636,-0.0740634
2.14,3,0.16328,0.158129,0.0998795,-0.00841479,0.00515129
2.14,4,-0.318351,-0.294856,0.0493661,-0.212641,-0.0234947
2.14,5,0.0816424,0.0786101,0.0497372,0.000240097,0.00303225
2.15,0,0.821391,0.783687,0.497873,0.01454,0.037704
2.15,1,-0.553579,-0.459132,0.154779,-4.24222,-0.0944472
2.15,2,0.87144,0.945516,-0.197777,-1.82672,-0.0740757
2.15,3,0.164275,0.159128,0.0998822,-0.00845442,0.00514749
2.15,4,-0.317854,-0.294363,0.0493586,-0.212605,-0.0234907
2.15,5,0.0821399,0.0791075,0.0497385,0.000240382,0.00303239
2.16,0,0.826366,0.788666,0.497852,0.0144618,0.0377005
2.16,1,-0.552086,-0.457584,0.154758,-4.24436,-0.0945023
2.16,2,0.86945,0.943538,-0.197781,-1.82708,-0.074088
2.16,3,0.16527,0.160127,0.099885,-0.00849443,0.00514366
2.16,4,-0.317356,-0.293869,0.0493515,-0.21257,-0.0234867
2.16,5,0.0826374,0.0796049,0.0497399,0.000240589,0.00303251
2.17,0,0.831342,0.793644,0.49783,0.0143956,0.0376972
2.17,1,-0.550594,-0.456036,0.154738,-4.2465,-0.0945572
2.17,2,0.86746,0.94156,-0.197785,-1.82744,-0.0741002
2.17,3,0.166265,0.161126,0.0998879,-0.00853477,0.0051398
2.17,4,-0.316858,-0.293376,0.0493447,-0.212534,-0.0234827
2.17,5,0.0831349,0.0801023,0.0497412,0.000240722,0.00303262
2.18,0,0.836317,0.798623,0.497808,0.014341,0.0376941
2.18,1,-0.549101,-0.454489,0.154718,-4.24863,-0.0946119
2.18,2,0.86547,0.939583,-0.197788,-1.8278,-0.0741124
2.18,3,0.16726,0.162125,0.0998909,-0.00857544,0.00513591
2.18,4,-0.316361,-0.292882,0.0493383,-0.212497,-0.0234785
2.18,5,0.0836324,0.0805997,0.0497426,0.000240785,0.00303271
2.19,0,0.841292,0.803601,0.497784,0.0142973,0.0376913
2.19,1,-0.547609,-0.452942,0.154698,-4.25075,-0.0946664
2.19,2,0.86348,0.937605,-0.19779,-1.82816,-0.0741246
2.19,3,0.168255,0.163123,0.0998938,-0.00861639,0.00513199
2.19,4,-0.315863,-0.292389,0.0493323,-0.212461,-0.0234743
2.19,5,0.0841299,0.0810972,0.049744,0.000240785,0.0030328
2.2,0,0.846267,0.808578,0.497761,0.0142636,0.0376887
2.2,1,-0.546116,-0.451395,0.15468,-4.25287,-0.0947207
2.2,2,0.86149,0.935627,-0.197792,-1.82852,-0.0741367
2.2,3,0.16925,0.164122,0.0998967,-0.00865759,0.00512804
2.2,4,-0.315366,-0.291896,0.0493266,-0.212424,-0.02347
2.2,5,0.0846275,0.0815946,0.0497453,0.000240725,0.00303287
2.21,0,0.851242,0.813556,0.497738,0.0142393,0.0376863
2.21,1,-0.544623,-0.449849,0.154662,-4.25498,-0.0947749
2.21,2,0.8595,0.933649,-0.197794,-1.82888,-0.0741489
2.21,3,0.170245,0.165121,0.0998994,-0.00869902,0.00512406
2.21,4,-0.314868,-0.291403,0.0493214,-0.212387,-0.0234657
2.21,5,0.085125,0.0820921,0.0497466,0.000240611,0.00303292
2.22,0,0.856217,0.818533,0.497714,0.0142236,0.0376842
2.22,1,-0.543131,-0.448302,0.154644,-4.25709,-0.0948288
2.22,2,0.85751,0.931671,-0.197796,-1.82924,-0.074161
2.22,3,0.17124,0.16612,0.099902,-0.00874062,0.00512006
2.22,4,-0.314371,-0.290909,0.0493165,-0.212349,-0.0234614
2.22,5,0.0856225,0.0825895,0.0497479,0.000240449,0.00303296
2.23,0,0.861192,0.82351,0.497692,0.0142155,0.0376823
2.23,1,-0.541638,-0.446756,0.154627,-4.25919,-0.0948826
2.23,2,0.85552,0.929693,-0.197797,-1.8296,-0.0741731
2.23,3,0.172235,0.167119,0.0999045,-0.00878237,0.00511603
2.23,4,-0.313873,-0.290416,0.049312,-0.212312,-0.0234569
2.23,5,0.08612,0.083087,0.0497491,0.000240245,0.00303299
2.24,0,0.866167,0.828487,0.49767,0.0142143,0.0376806
2.24,1,-0.540146,-0.44521,0.15461,-4.26128,-0.0949362
2.24,2,0.85353,0.927715,-0.197797,-1.82996,-0.0741852
2.24,3,0.17323,0.168118,0.0999067,-0.00882422,0.00511198
2.24,4,-0.313376,-0.289923,0.0493079,-0.212274,-0.0234525
2.24,5,0.0866175,0.0835845,0.0497502,0.000240004,0.00303301
2.25,0,0.871143,0.833463,0.497649,0.0142191,0.0376791
2.25,1,-0.538653,-0.443663,0.154594,-4.26337,-0.0949897
2.25,2,0.85154,0.925737,-0.197798,-1.83032,-0.0741973
2.25,3,0.174225,0.169118,0.0999087,-0.00886614,0.00510791
2.25,4,-0.312878,-0.28943,0.0493042,-0.212236,-0.023448
2.25,5,0.087115,0.084082,0.0497512,0.000239731,0.00303302
2.26,0,0.876118,0.83844,0.497628,0.014229,0.0376779
2.26,1,-0.537161,-0.442118,0.154578,-4.26545,-0.095043
2.26,2,0.84955,0.923759,-0.197798,-1.83069,-0.0742094
2.26,3,0.17522,0.170117,0.0999104,-0.00890809,0.00510382
2.26,4,-0.31238,-0.288937,0.0493008,-0.212198,-0.0234435
2.26,5,0.0876126,0.0845795,0.0497522,0.000239431,0.00303302
2.27,0,0.881093,0.843416,0.497609,0.0142433,0.0376768
2.27,1,-0.535668,-0.440572,0.154563,-4.26753,-0.0950961
2.27,2,0.84756,0.921781,-0.197798,-1.83105,-0.0742215
2.27,3,0.176215,0.171116,0.0999119,-0.00895004,0.00509971
2.27,4,-0.311883,-0.288444,0.0492977,-0.21216,-0.0234389
2.27,5,0.0881101,0.0850771,0.0497531,0.000239112,0.00303301
2.28,0,0.886068,0.848392,0.497592,0.014261,0.0376759
2.28,1,-0.534176,-0.439026,0.154548,-4.26961,-0.0951491
2.28,2,0.84557,0.919803,-0.197797,-1.83141,-0.0742335
2.28,3,0.177211,0.172115,0.0999131,-0.00899195,0.00509559
2.28,4,-0.311385,-0.287951,0.0492949,-0.212122,-0.0234343
2.28,5,0.0886076,0.0855746,0.0497539,0.000238776,0.00303299
2.29,0,0.891043,0.853368,0.497575,0.0142815,0.0376752
2.29,1,-0.532683,-0.437481,0.154534,-4.27168,-0.095202
2.29,2,0.843579,0.917825,-0.197797,-1.83178,-0.0742456
2.29,3,0.178206,0.173114,0.099914,-0.00903379,0.00509146
2.29,4,-0.310888,-0.287458,0.0492924,-0.212084,-0.0234297
2.29,5,0.0891051,0.0860721,0.0497546,0.000238429,0.00303296
2.3,0,0.896018,0.858343,0.497561,0.0143039,0.0376746
2.3,1,-0.53119,-0.435936,0.154519,-4.27374,-0.0952547
2.3,2,0.841589,0.915847,-0.197796,-1.83214,-0.0742577
2.3,3,0.179201,0.174113,0.0999146,-0.00907553,0.00508732
2.3,4,-0.31039,-0.286965,0.0492902,-0.212045,-0.023425
2.3,5,0.0896026,0.0865697,0.0497552,0.000238075,0.00303293
2.31,0,0.900993,0.863319,0.497547,0.0143275,0.0376742
2.31,1,-0.529698,-0.434391,0.154505,-4.2758,-0.0953072
2.31,2,0.839599,0.913869,-0.197795,-1.8325,-0.0742698
2.31,3,0.180196,0.175112,0.0999149,-0.00911713,0.00508318
2.31,4,-0.309893,-0.286472,0.0492882,-0.212007,-0.0234204
2.31,5,0.0901001,0.0870673,0.0497557,0.00023772,0.00303289
2.32,0,0.905968,0.868294,0.497535,0.0143517,0.0376739
2.32,1,-0.528205,-0.432846,0.154491,-4.27786,-0.0953596
2.32,2,0.837609,0.911891,-0.197794,-1.83287,-0.074282
2.32,3,0.181191,0.176111,0.0999149,-0.00915858,0.00507904
2.32,4,-0.309395,-0.285979,0.0492864,-0.211969,-0.0234157
2.32,5,0.0905977,0.0875648,0.0497562,0.000237365,0.00303284
2.33,0,0.910943,0.87327,0.497525,0.0143759,0.0376738
2.33,1,-0.526713,-0.431301,0.154478,-4.27991,-0.0954119
2.33,2,0.835619,0.909913,-0.197793,-1.83324,-0.0742941
2.33,3,0.182186,0.177111,0.0999146,-0.00919983,0.00507489
2.33,4,-0.308898,-0.285487,0.0492848,-0.21193,-0.023411
2.33,5,0.0910952,0.0880624,0.0497566,0.000237016,0.0030328
2.34,0,0.915919,0.878245,0.497516,0.0143995,0.0376737
2.34,1,-0.52522,-0.429756,0.154464,-4.28196,-0.0954641
2.34,2,0.833629,0.907935,-0.197792,-1.8336,-0.0743062
2.34,3,0.183181,0.17811,0.0999141,-0.00924088,0.00507076
2.34,4,-0.3084,-0.284994,0.0492833,-0.211892,-0.0234063
2.34,5,0.0915927,0.0885599,0.0497568,0.000236675,0.00303275
2.35,0,0.920894,0.88322,0.497508,0.014422,0.0376737
2.35,1,-0.523728,-0.428212,0.154451,-4.284,-0.0955161
2.35,2,0.831639,0.905957,-0.197791,-1.83397,-0.0743184
2.35,3,0.184176,0.179109,0.0999133,-0.0092817,0.00506663
2.35,4,-0.307902,-0.284501,0.049282,-0.211853,-0.0234015
2.35,5,0.0920902,0.0890575,0.049757,0.000236344,0.00303269
2.36,0,0.925869,0.888195,0.497502,0.0144429,0.0376737
2.36,1,-0.522235,-0.426667,0.154437,-4.28603,-0.095568
2.36,2,0.829649,0.90398,-0.19779,-1.83434,-0.0743305
2.36,3,0.185171,0.180108,0.0999122,-0.00932227,0.0050625
2.36,4,-0.307405,-0.284008,0.0492808,-0.211815,-0.0233968
2.36,5,0.0925877,0.0895551,0.0497572,0.000236028,0.00303264
2.37,0,0.930844,0.89317,0.497498,0.0144618,0.0376739
2.37,1,-0.520743,-0.425123,0.154424,-4.28806,-0.0956197
2.37,2,0.827659,0.902002,-0.197789,-1.8347,-0.0743427
2.37,3,0.186166,0.181107,0.0999109,-0.00936258,0.00505839
2.37,4,-0.306907,-0.283515,0.0492797,-0.211776,-0.023392
2.37,5,0.0930852,0.0900527,0.0497572,0.000235727,0.00303258
2.38,0,0.935819,0.898145,0.497494,0.0144783,0.037674
2.38,1,-0.51925,-0.423579,0.154411,-4.29009,-0.0956713
2.38,2,0.825669,0.900024,-0.197788,-1.83507,-0.0743549
2.38,3,0.187161,0.182106,0.0999093,-0.0094026,0.0050543
2.38,4,-0.30641,-0.283023,0.0492787,-0.211738,-0.0233873
2.38,5,0.0935828,0.0905502,0.0497572,0.000235443,0.00303252
2.39,0,0.940794,0.90312,0.497492,0.0144922,0.0376742
2.39,1,-0.517757,-0.422035,0.154398,-4.2921,-0.0957228
2.39,2,0.823679,0.898046,-0.197787,-1.83544,-0.0743671
2.39,3,0.188156,0.183105,0.0999076,-0.00944234,0.00505022
2.39,4,-0.305912,-0.28253,0.0492777,-0.211699,-0.0233825
2.39,5,0.0940803,0.0910478,0.0497572,0.000235179,0.00303247
2.4,0,0.945769,0.908095,0.497491,0.0145032,0.0376744
2.4,1,-0.516265,-0.420491,0.154384,-4.29412,-0.0957741
2.4,2,0.821689,0.896068,-0.197785,-1.83581,-0.0743793
2.4,3,0.189151,0.184104,0.0999057,-0.00948178,0.00504616
2.4,4,-0.305415,-0.282037,0.0492767,-0.21166,-0.0233777
2.4,5,0.0945778,0.0915454,0.0497571,0.000234934,0.00303241
2.41,0,0.950744,0.91307,0.497491,0.014511,0.0376746
2.41,1,-0.514772,-0.418947,0.154371,-4.29613,-0.0958253
2.41,2,0.819699,0.89409,-0.197784,-1.83618,-0.0743915
2.41,3,0.190146,0.185103,0.0999036,-0.00952091,0.00504212
2.41,4,-0.304917,-0.281544,0.0492757,-0.211621,-0.0233729
2.41,5,0.0950753,0.0920429,0.0497569,0.00023471,0.00303236
2.42,0,0.955719,0.918045,0.497492,0.0145156,0.0376748
2.42,1,-0.51328,-0.417403,0.154357,-4.29813,-0.0958764
2.42,2,0.817709,0.892112,-0.197784,-1.83654,-0.0744037
2.42,3,0.191141,0.186102,0.0999013,-0.00955973,0.0050381
2.42,4,-0.30442,-0.281051,0.0492748,-0.211582,-0.0233681
2.42,5,0.0955728,0.0925405,0.0497567,0.000234508,0.00303231
2.43,0,0.960695,0.92302,0.497494,0.0145169,0.037675
2.43,1,-0.511787,-0.41586,0.154344,-4.30013,-0.0959274
2.43,2,0.815719,0.890135,-0.197783,-1.83691,-0.074416
2.43,3,0.192136,0.187101,0.0998989,-0.00959823,0.00503411
2.43,4,-0.303922,-0.280559,0.0492738,-0.211543,-0.0233633
2.43,5,0.0960703,0.0930381,0.0497565,0.000234327,0.00303226
2.44,0,0.96567,0.927995,0.497497,0.0145147,0.0376751
2.44,1,-0.510295,-0.414316,0.15433,-4.30212,-0.0959782
2.44,2,0.813729,0.888157,-0.197782,-1.83728,-0.0744282
2.44,3,0.193131,0.1881,0.0998964,-0.00963642,0.00503014
2.44,4,-0.303424,-0.280066,0.0492727,-0.211504,-0.0233585
2.44,5,0.0965678,0.0935356,0.0497562,0.000234169,0.00303221
2.45,0,0.970645,0.93297,0.497501,0.014509,0.0376753
2.45,1,-0.508802,-0.412773,0.154316,-4.3041,-0.0960288
2.45,2,0.811738,0.886179,-0.197781,-1.83765,-0.0744404
2.45,3,0.194126,0.189099,0.0998938,-0.00967428,0.0050262
2.45,4,-0.302927,-0.279573,0.0492717,-0.211465,-0.0233537
2.45,5,0.0970654,0.0940332,0.0497559,0.000234031,0.00303216
2.46,0,0.97562,0.937945,0.497505,0.0144999,0.0376754
2.46,1,-0.507309,-0.41123,0.154302,-4.30608,-0.0960794
2.46,2,0.809748,0.884201,-0.197781,-1.83802,-0.0744527
2.46,3,0.195121,0.190098,0.0998911,-0.00971183,0.00502228
2.46,4,-0.302429,-0.279081,0.0492705,-0.211426,-0.0233488
2.46,5,0.0975629,0.0945308,0.0497556,0.000233915,0.00303212
2.47,0,0.980595,0.94292,0.497509,0.0144874,0.0376754
2.47,1,-0.505817,-0.409687,0.154288,-4.30806,-0.0961298
2.47,2,0.807758,0.882223,-0.19778,-1.83839,-0.074465
2.47,3,0.196116,0.191097,0.0998883,-0.00974907,0.00501839
2.47,4,-0.301932,-0.278588,0.0492693,-0.211386,-0.023344
2.47,5,0.0980604,0.0950283,0.0497553,0.00023382,0.00303208
2.48,0,0.98557,0.947895,0.497515,0.0144716,0.0376754
2.48,1,-0.504324,-0.408144,0.154274,-4.31002,-0.09618
2.48,2,0.805768,0.880245,-0.19778,-1.83876,-0.0744772
2.48,3,0.197111,0.192096,0.0998855,-0.009786,0.00501453
2.48,4,-0.301434,-0.278095,0.049268,-0.211347,-0.0233391
2.48,5,0.0985579,0.0955259,0.049755,0.000233744,0.00303205
2.49,0,0.990545,0.95287,0.49752,0.0144526,0.0376753
2.49,1,-0.502832,-0.406602,0.15426,-4.31198,-0.0962301
2.49,2,0.803778,0.878268,-0.19778,-1.83912,-0.0744895
2.49,3,0.198106,0.193095,0.0998826,-0.00982262,0.0050107
2.49,4,-0.300937,-0.277603,0.0492666,-0.211307,-0.0233342
2.49,5,0.0990554,0.0960234,0.0497546,0.000233687,0.00303202
2.5,0,0.99552,0.957845,0.497526,0.0144305,0.0376752
2.5,1,-0.501339,-0.405059,0.154245,-4.31394,-0.0962801
2.5,2,0.801788,0.87629,-0.19778,-1.83949,-0.0745017
2.5,3,0.199101,0.194094,0.0998797,-0.00985894,0.00500689
2.5,4,-0.300439,-0.27711,0.0492652,-0.211267,-0.0233293
2.5,5,0.0995529,0.096521,0.0497543,0.000233648,0.00303199
2.51,0,0.999998,0.96282,0.497532,-0.00549494,0.0371775
2.51,1,-0.499996,-0.403517,0.15423,-4.32186,-0.0964791
2.51,2,0.799997,0.874312,-0.19778,-1.83389,-0.074315
2.51,3,0.199996,0.195093,0.0998769,-0.01089,0.00490361
2.51,4,-0.299991,-0.276617,0.0492636,-0.211625,-0.0233741
2.51,5,0.100001,0.0970185,0.0497539,-1.51326e-05,0.00298221
2.52,0,0.999998,0.967784,0.49458,-0.195179,0.032214
2.52,1,-0.499996,-0.402017,0.144844,-4.35371,-0.0979794
2.52,2,0.799997,0.872413,-0.18031,-1.81186,-0.0724159
2.52,3,0.199996,0.196066,0.0939932,-0.0170969,0.0039299
2.52,4,-0.299991,-0.276163,0.0412105,-0.211233,-0.0238285
2.52,5,0.100001,0.0975269,0.0519607,-0.00321939,0.00247377
2.53,0,0.999998,0.972689,0.486529,-0.367247,0.0273085
2.53,1,-0.499996,-0.400648,0.130203,-4.36454,-0.0993482
2.53,2,0.799997,0.870752,-0.154341,-1.81398,-0.0707553
2.53,3,0.199996,0.196944,0.0821395,-0.0187626,0.00305211
2.53,4,-0.299991,-0.275797,0.0334171,-0.210261,-0.0241941
2.53,5,0.100001,0.0980534,0.0527208,-0.00607971,0.0019473
2.54,0,0.999998,0.977489,0.473919,-0.521393,0.0225091
2.54,1,-0.499996,-0.399426,0.115711,-4.36992,-0.10057
2.54,2,0.799997,0.869345,-0.12994,-1.82057,-0.0693484
2.54,3,0.199996,0.197688,0.0678518,-0.0176293,0.00230817
2.54,4,-0.299991,-0.275485,0.0299771,-0.211038,-0.0245061
2.54,5,0.100001,0.0985689,0.0500936,-0.00786886,0.00143185
2.55,0,0.999998,0.98214,0.45731,-0.657604,0.0178582
2.55,1,-0.499996,-0.398343,0.102414,-4.37335,-0.101653
2.55,2,0.799997,0.868166,-0.108574,-1.82792,-0.0681691
2.55,3,0.199996,0.198284,0.0529223,-0.0146358,0.00171176
2.55,4,-0.299991,-0.27519,0.0295328,-0.21318,-0.0248017
2.55,5,0.100001,0.0990418,0.0446604,-0.00860366,0.000958895
2.56,0,0.999998,0.986605,0.437245,-0.776024,0.0133928
2.56,1,-0.499996,-0.397386,0.0904853,-4.37586,-0.10261
2.56,2,0.799997,0.867184,-0.0901885,-1.83523,-0.0671868
2.56,3,0.199996,0.198733,0.038441,-0.0104357,0.00126289
2.56,4,-0.299991,-0.27489,0.0305264,-0.216078,-0.0251018
2.56,5,0.100001,0.0994498,0.0374524,-0.00848127,0.000550891
2.57,0,0.999998,0.990853,0.414239,-0.876931,0.00914464
2.57,1,-0.499996,-0.39654,0.0798918,-4.3779,-0.103456
2.57,2,0.799997,0.86637,-0.0744852,-1.84223,-0.0663733
2.57,3,0.199996,0.199043,0.0251134,-0.00553851,0.000952953
2.57,4,-0.299991,-0.274577,0.0318909,-0.219262,-0.0254146
2.57,5,0.100001,0.0997805,0.0294217,-0.00772552,0.000220199
2.58,0,0.999998,0.994858,0.388784,-0.960734,0.00514043
2.58,1,-0.499996,-0.395794,0.0705356,-4.37969,-0.104202
2.58,2,0.799997,0.865701,-0.0611482,-1.84881,-0.0657037
2.58,3,0.199996,0.199228,0.0133853,-0.000353428,0.000767772
2.58,4,-0.299991,-0.274251,0.0329973,-0.222419,-0.02574
2.58,5,0.100001,0.10003,0.0213184,-0.00654181,-2.92567e-05
2.59,0,0.999998,0.998596,0.361348,-1.02796,0.00140204
2.59,1,-0.499996,-0.395135,0.062295,-4.38133,-0.104861
2.59,2,0.799997,0.865153,-0.0498851,-1.8549,-0.0651557
2.59,3,0.199996,0.199306,0.00350708,0.00479412,0.000689837
2.59,4,-0.299991,-0.273918,0.0335221,-0.225348,-0.0260734
2.59,5,0.100001,0.100201,0.0136833,-0.00510443,-0.000199889
2.6,0,0.999998,1.00205,0.332376,-1.07926,-0.00205319
2.6,1,-0.499996,-0.394552,0.0550422,-4.38287,-0.105444
2.6,2,0.799997,0.864707,-0.0404321,-1.86044,-0.0647103
2.6,3,0.199996,0.199296,-0.00442092,0.00965243,0.000699988
2.6,4,-0.299991,-0.273583,0.03334,-0.227936,-0.0264082
2.6,5,0.100001,0.100299,0.00687382,-0.00355456,-0.000298483
2.61,0,0.999998,1.00521,0.302289,-1.11536,-0.00521222
2.61,1,-0.499996,-0.394038,0.0486526,-4.38428,-0.105958
2.61,2,0.799997,0.864348,-0.0325537,-1.86541,-0.0643505
2.61,3,0.199996,0.199217,-0.0104134,0.0140353,0.000778722
2.61,4,-0.299991,-0.273254,0.0324471,-0.230122,-0.0267373
2.61,5,0.100001,0.100335,0.00109768,-0.00200204,-0.000334547
2.62,0,0.999998,1.00806,0.271483,-1.1371,-0.00806612
2.62,1,-0.499996,-0.393583,0.04301,-4.38555,-0.106413
2.62,2,0.799997,0.864059,-0.0260403,-1.86977,-0.0640618
2.62,3,0.199996,0.199089,-0.0145697,0.0178136,0.000907173
2.62,4,-0.299991,-0.272938,0.0309089,-0.231885,-0.0270538
2.62,5,0.100001,0.10032,-0.00355433,-0.000528689,-0.000318998
2.63,0,0.999998,1.01061,0.240329,-1.14538,-0.0106097
2.63,1,-0.499996,-0.393181,0.0380095,-4.38664,-0.106815
2.63,2,0.799997,0.863829,-0.0207058,-1.87354,-0.0638317
2.63,3,0.199996,0.198928,-0.0170487,0.0209074,0.00106781
2.63,4,-0.299991,-0.27264,0.028826,-0.233228,-0.0273518
2.63,5,0.100001,0.100264,-0.00707906,0.000807942,-0.000263155
2.64,0,0.999998,1.01284,0.20917,-1.14117,-0.0128415
2.64,1,-0.499996,-0.392826,0.0335584,-4.38749,-0.10717
2.64,2,0.799997,0.863646,-0.0163854,-1.8767,-0.0636491
2.64,3,0.199996,0.198751,-0.0180473,0.0232776,0.00124492
2.64,4,-0.299991,-0.272365,0.0263126,-0.234169,-0.0276266
2.64,5,0.100001,0.100179,-0.00953587,0.00197072,-0.000178008
2.65,0,0.999998,1.01476,0.178323,-1.1255,-0.0147632
2.65,1,-0.499996,-0.392512,0.0295761,-4.38808,-0.107484
2.65,2,0.799997,0.863502,-0.0129328,-1.87928,-0.0635049
2.65,3,0.199996,0.198571,-0.017783,0.0249187,0.00142489
2.65,4,-0.299991,-0.272117,0.0234825,-0.234736,-0.0278743
2.65,5,0.100001,0.100074,-0.0110259,0.00293924,-7.37056e-05
2.66,0,0.999998,1.01638,0.148077,-1.09941,-0.0163795
2.66,1,-0.499996,-0.392237,0.0259941,-4.38836,-0.107759
2.66,2,0.799997,0.863388,-0.0102192,-1.88129,-0.0633911
2.66,3,0.199996,0.1984,-0.01648,0.0258512,0.00159632
2.66,4,-0.299991,-0.271899,0.0204418,-0.234961,-0.0280926
2.66,5,0.100001,0.0999599,-0.0116752,0.00370637,4.07622e-05
2.67,0,0.999998,1.0177,0.118691,-1.06399,-0.0176978
2.67,1,-0.499996,-0.391995,0.0227544,-4.38832,-0.108001
2.67,2,0.799997,0.863298,-0.00813023,-1.88277,-0.0633009
2.67,3,0.199996,0.198246,-0.0143587,0.0261156,0.00175004
2.67,4,-0.299991,-0.271712,0.0172844,-0.23488,-0.0282797
2.67,5,0.100001,0.099843,-0.0116217,0.00427522,0.000157742
2.68,0,0.999998,1.01873,0.0903982,-1.02032,-0.0187281
2.68,1,-0.499996,-0.391784,0.0198089,-4.38792,-0.108212
2.68,2,0.799997,0.863226,-0.00656543,-1.88373,-0.0632286
2.68,3,0.199996,0.198117,-0.0116276,0.0257669,0.00187903
2.68,4,-0.299991,-0.271556,0.0140911,-0.234525,-0.028435
2.68,5,0.100001,0.0997297,-0.0110051,0.00465639,0.000270975
2.69,0,0.999998,1.01948,0.0634006,-0.9695,-0.0194825
2.69,1,-0.499996,-0.3916,0.0171179,-4.38717,-0.108396
2.69,2,0.799997,0.863167,-0.00543616,-1.88421,-0.0631694
2.69,3,0.199996,0.198018,-0.00847826,0.0248695,0.00197825
2.69,4,-0.299991,-0.271433,0.010929,-0.233932,-0.0285584
2.69,5,0.100001,0.0996251,-0.00995951,0.00486573,0.000375576
2.7,0,0.999998,1.01997,0.0378727,-0.912609,-0.0199748
2.7,1,-0.499996,-0.391443,0.0146492,-4.38607,-0.108553
2.7,2,0.799997,0.863117,-0.00466465,-1.88426,-0.0631196
2.7,3,0.199996,0.197952,-0.00508116,0.0234936,0.00204449
2.7,4,-0.299991,-0.271341,0.00785279,-0.233132,-0.0286507
2.7,5,0.100001,0.0995328,-0.00860886,0.00492239,0.000467947
2.71,0,0.999998,1.02022,0.0139606,-0.850706,-0.0202206
2.71,1,-0.499996,-0.391309,0.0123771,-4.3846,-0.108687
2.71,2,0.799997,0.863073,-0.0041828,-1.88391,-0.0630758
2.71,3,0.199996,0.19792,-0.00158454,0.0217117,0.0020761
2.71,4,-0.299991,-0.271278,0.00490566,-0.232156,-0.0287129
2.71,5,0.100001,0.0994551,-0.00706332,0.00484727,0.000545654
2.72,0,0.999998,1.02023,-0.00821693,-0.78482,-0.0202368
2.72,1,-0.499996,-0.391197,0.0102811,-4.3828,-0.108799
2.72,2,0.799997,0.863033,-0.00393126,-1.8832,-0.0630355
2.72,3,0.199996,0.197923,0.00188638,0.019596,0.00207279
2.72,4,-0.299991,-0.271245,0.00212106,-0.231033,-0.0287465
2.72,5,0.100001,0.0993934,-0.00541789,0.00466179,0.000607285
2.73,0,0.999998,1.02004,-0.0285679,-0.715941,-0.0200411
2.73,1,-0.499996,-0.391105,0.00834495,-4.38067,-0.108891
2.73,2,0.799997,0.862994,-0.00385856,-1.88218,-0.0629967
2.73,3,0.199996,0.197961,0.00522892,0.0172166,0.0020354
2.73,4,-0.299991,-0.271238,-0.000475945,-0.229788,-0.0287533
2.73,5,0.100001,0.0993484,-0.00375184,0.004387,0.000652289
2.74,0,0.999998,1.01965,-0.0470258,-0.645016,-0.0196523
2.74,1,-0.499996,-0.391032,0.00655641,-4.37825,-0.108964
2.74,2,0.799997,0.862955,-0.00392033,-1.8809,-0.0629579
2.74,3,0.199996,0.19803,0.00836167,0.0146398,0.00196568
2.74,4,-0.299991,-0.271256,-0.00286731,-0.228448,-0.0287352
2.74,5,0.100001,0.0993199,-0.00212902,0.00404282,0.000680824
2.75,0,0.999998,1.01909,-0.0635485,-0.572939,-0.0190896
2.75,1,-0.499996,-0.390975,0.00490597,-4.37555,-0.109021
2.75,2,0.799997,0.862915,-0.00407861,-1.87938,-0.0629179
2.75,3,0.199996,0.19813,0.0112229,0.0119271,0.00186608
2.75,4,-0.299991,-0.271297,-0.0050408,-0.227035,-0.0286944
2.75,5,0.100001,0.0993071,-0.000598863,0.00364768,0.000693605
2.76,0,0.999998,1.01837,-0.0781168,-0.500545,-0.0183724
2.76,1,-0.499996,-0.390935,0.00338644,-4.37261,-0.109061
2.76,2,0.799997,0.862873,-0.00430122,-1.87768,-0.0628759
2.76,3,0.199996,0.198257,0.0137684,0.00913473,0.00173958
2.76,4,-0.299991,-0.271358,-0.00698898,-0.22557,-0.0286331
2.76,5,0.100001,0.0993089,0.000802352,0.00321814,0.000691768
2.77,0,0.999998,1.01752,-0.0907331,-0.428609,-0.0175202
2.77,1,-0.499996,-0.390908,0.00199241,-4.36948,-0.109087
2.77,2,0.799997,0.862829,-0.00456116,-1.87582,-0.0628315
2.77,3,0.199996,0.198407,0.0159696,0.00631319,0.00158949
2.77,4,-0.299991,-0.271438,-0.00870832,-0.224074,-0.0285535
2.77,5,0.100001,0.099324,0.00204991,0.00276877,0.000676749
2.78,0,0.999998,1.01655,-0.101419,-0.357843,-0.0165525
2.78,1,-0.499996,-0.390896,0.000719776,-4.36617,-0.1091
2.78,2,0.799997,0.862781,-0.00483608,-1.87386,-0.0627844
2.78,3,0.199996,0.198577,0.0178112,0.00350698,0.00141937
2.78,4,-0.299991,-0.271533,-0.0101985,-0.222565,-0.0284581
2.78,5,0.100001,0.0993505,0.00312904,0.00231215,0.000650172
2.79,0,0.999998,1.01549,-0.110216,-0.288888,-0.0154884
2.79,1,-0.499996,-0.390895,-0.000434684,-4.36274,-0.109101
2.79,2,0.799997,0.862732,-0.0051078,-1.87182,-0.0627345
2.79,3,0.199996,0.198763,0.0192891,0.000754819,0.00123283
2.79,4,-0.299991,-0.271642,-0.0114621,-0.221061,-0.0283489
2.79,5,0.100001,0.0993869,0.00403322,0.00185885,0.000613763
2.8,0,0.999998,1.01434,-0.11718,-0.22232,-0.0143465
2.8,1,-0.499996,-0.390905,-0.00147361,-4.35922,-0.109091
2.8,2,0.799997,0.862679,-0.00536179,-1.86974,-0.062682
2.8,3,0.199996,0.198963,0.0204086,-0.00191024,0.00103349
2.8,4,-0.299991,-0.271763,-0.0125035,-0.219576,-0.0282284
2.8,5,0.100001,0.0994314,0.00476266,0.00141759,0.000569277
2.81,0,0.999998,1.01314,-0.122381,-0.158643,-0.0131446
2.81,1,-0.499996,-0.390925,-0.00239936,-4.35564,-0.109071
2.81,2,0.799997,0.862624,-0.00558679,-1.86764,-0.0626271
2.81,3,0.199996,0.199171,0.021182,-0.00446051,0.000824871
2.81,4,-0.299991,-0.271893,-0.0133294,-0.218125,-0.0280987
2.81,5,0.100001,0.0994823,0.00532279,0.000995327,0.000518433
2.82,0,0.999998,1.0119,-0.125904,-0.0982934,-0.0119001
2.82,1,-0.499996,-0.390954,-0.00321422,-4.35205,-0.109042
2.82,2,0.799997,0.862567,-0.00577438,-1.86556,-0.0625702
2.82,3,0.199996,0.199386,0.0216279,-0.00687334,0.000610337
2.82,4,-0.299991,-0.27203,-0.0139479,-0.21672,-0.0279618
2.82,5,0.100001,0.0995378,0.00572303,0.000597475,0.000462877
2.83,0,0.999998,1.01063,-0.127843,-0.0416377,-0.0106292
2.83,1,-0.499996,-0.39099,-0.00392059,-4.34849,-0.109006
2.83,2,0.799997,0.862509,-0.00591861,-1.86351,-0.0625116
2.83,3,0.199996,0.199603,0.0217685,-0.0091307,0.000393043
2.83,4,-0.299991,-0.272172,-0.0143686,-0.215374,-0.0278198
2.83,5,0.100001,0.0995966,0.00597555,0.000228041,0.000404141
2.84,0,0.999998,1.00935,-0.128302,0.0110236,-0.00934702
2.84,1,-0.499996,-0.391032,-0.00452114,-4.34498,-0.108964
2.84,2,0.799997,0.862449,-0.00601566,-1.86153,-0.0624519
2.84,3,0.199996,0.19982,0.0216297,-0.0112188,0.000175902
2.84,4,-0.299991,-0.272317,-0.0146021,-0.214097,-0.0276747
2.84,5,0.100001,0.0996571,0.0060944,-0.000110182,0.000343628
2.85,0,0.999998,1.00807,-0.127391,0.059455,-0.00806793
2.85,1,-0.499996,-0.39108,-0.0050189,-4.34157,-0.108916
2.85,2,0.799997,0.862389,-0.00606353,-1.85962,-0.0623914
2.85,3,0.199996,0.200035,0.0212388,-0.0131277,-3.84414e-05
2.85,4,-0.299991,-0.272463,-0.0146602,-0.212896,-0.0275282
2.85,5,0.100001,0.0997181,0.00609464,-0.000415438,0.000282591
2.86,0,0.999998,1.0068,-0.125227,0.103483,-0.00680494
2.86,1,-0.499996,-0.391133,-0.0054173,-4.33828,-0.108863
2.86,2,0.799997,0.862328,-0.00606174,-1.8578,-0.0623308
2.86,3,0.199996,0.200244,0.0206244,-0.0148509,-0.000247623
2.86,4,-0.299991,-0.272609,-0.0145556,-0.211779,-0.0273821
2.86,5,0.100001,0.0997786,0.00599171,-0.000686854,0.000222132
2.87,0,0.999998,1.00557,-0.121931,0.142995,-0.00556992
2.87,1,-0.499996,-0.391189,-0.00572027,-4.33513,-0.108807
2.87,2,0.799997,0.862267,-0.00601105,-1.85609,-0.0622704
2.87,3,0.199996,0.200446,0.0198154,-0.0163849,-0.000449566
2.87,4,-0.299991,-0.272754,-0.0143013,-0.210752,-0.0272378
2.87,5,0.100001,0.0998375,0.00580091,-0.000924283,0.000163198
2.88,0,0.999998,1.00437,-0.117624,0.177932,-0.00437351
2.88,1,-0.499996,-0.391247,-0.0059322,-4.33216,-0.108749
2.88,2,0.799997,0.862208,-0.00591327,-1.8545,-0.0622108
2.88,3,0.199996,0.200639,0.0188402,-0.0177289,-0.000642481
2.88,4,-0.299991,-0.272895,-0.0139114,-0.209819,-0.0270968
2.88,5,0.100001,0.0998941,0.005537,-0.00112817,0.000106586
2.89,0,0.999998,1.00322,-0.112432,0.208289,-0.00322515
2.89,1,-0.499996,-0.391307,-0.00605797,-4.32938,-0.108689
2.89,2,0.799997,0.862149,-0.00577101,-1.85303,-0.0621524
2.89,3,0.199996,0.200821,0.0177267,-0.0188846,-0.000824862
2.89,4,-0.299991,-0.273031,-0.0133999,-0.208984,-0.0269604
2.89,5,0.100001,0.0999478,0.00521395,-0.00129944,5.29494e-05
2.9,0,0.999998,1.00213,-0.106476,0.234107,-0.00213301
2.9,1,-0.499996,-0.391368,-0.00610288,-4.32681,-0.108628
2.9,2,0.799997,0.862093,-0.00558754,-1.85169,-0.0620956
2.9,3,0.199996,0.200992,0.0165015,-0.0198556,-0.000995472
2.9,4,-0.299991,-0.273162,-0.0127814,-0.208247,-0.0268298
2.9,5,0.100001,0.0999979,0.00484472,-0.00143938,2.80756e-06
2.91,0,0.999998,1.0011,-0.0998782,0.255472,-0.00110406
2.91,1,-0.499996,-0.391429,-0.00607267,-4.32446,-0.108567
2.91,2,0.799997,0.862038,-0.00536656,-1.8505,-0.062041
2.91,3,0.199996,0.201149,0.0151899,-0.0206473,-0.00115333
2.91,4,-0.299991,-0.273286,-0.0120704,-0.207611,-0.0267058
2.91,5,0.100001,0.100044,0.00444114,-0.00154956,-4.34437e-05
2.92,0,0.999998,1.00014,-0.0927578,0.272511,-0.00014406
2.92,1,-0.499996,-0.391489,-0.00597339,-4.32235,-0.108507
2.92,2,0.799997,0.861986,-0.00511214,-1.84944,-0.0619887
2.92,3,0.199996,0.201294,0.0138155,-0.0212664,-0.00129772
2.92,4,-0.299991,-0.273402,-0.0112813,-0.207074,-0.0265894
2.92,5,0.100001,0.100086,0.00401386,-0.00163176,-8.55206e-05
2.93,0,0.999998,0.999256,-0.0852292,0.285384,0.000742402
2.93,1,-0.499996,-0.391548,-0.00581141,-4.32048,-0.108448
2.93,2,0.799997,0.861936,-0.00482852,-1.84852,-0.0619391
2.93,3,0.199996,0.201424,0.0124003,-0.0217213,-0.00142811
2.93,4,-0.299991,-0.27351,-0.0104285,-0.206635,-0.0264812
2.93,5,0.100001,0.100124,0.00357234,-0.0016879,-0.000123239
2.94,0,0.999998,0.998446,-0.0774027,0.294282,0.00155185
2.94,1,-0.499996,-0.391605,-0.00559328,-4.31886,-0.108391
2.94,2,0.799997,0.86189,-0.00452008,-1.84773,-0.0618925
2.94,3,0.199996,0.20154,0.0109644,-0.0220209,-0.00154423
2.94,4,-0.299991,-0.27361,-0.00952581,-0.206292,-0.0263818
2.94,5,0.100001,0.100157,0.00312486,-0.00171997,-0.000156503
2.95,0,0.999998,0.997716,-0.0693829,0.299424,0.00228189
2.95,1,-0.499996,-0.39166,-0.00532572,-4.31748,-0.108336
2.95,2,0.799997,0.861846,-0.0041912,-1.84709,-0.0618491
2.95,3,0.199996,0.201642,0.00952626,-0.0221753,-0.00164596
2.95,4,-0.299991,-0.2737,-0.0085868,-0.20604,-0.0262917
2.95,5,0.100001,0.100186,0.00267859,-0.00173005,-0.000185293
2.96,0,0.999998,0.997067,-0.0612682,0.30105,0.00293112
2.96,1,-0.499996,-0.391711,-0.00501549,-4.31635,-0.108285
2.96,2,0.799997,0.861806,-0.00384623,-1.84658,-0.061809
2.96,3,0.199996,0.201729,0.00810227,-0.0221951,-0.00173337
2.96,4,-0.299991,-0.27378,-0.00762433,-0.205877,-0.0262111
2.96,5,0.100001,0.10021,0.00223965,-0.00172018,-0.000209657
2.97,0,0.999998,0.996499,-0.0531505,0.299416,0.00349912
2.97,1,-0.499996,-0.391759,-0.00466933,-4.31545,-0.108237
2.97,2,0.799997,0.86177,-0.00348941,-1.8462,-0.0617725
2.97,3,0.199996,0.201803,0.00670715,-0.0220912,-0.00180669
2.97,4,-0.299991,-0.273851,-0.0066506,-0.205797,-0.0261402
2.97,5,0.100001,0.10023,0.00181317,-0.00169243,-0.000229696
2.98,0,0.999998,0.996012,-0.0451143,0.294796,0.00398633
2.98,1,-0.499996,-0.391804,-0.00429392,-4.31479,-0.108192
2.98,2,0.799997,0.861737,-0.00312483,-1.84594,-0.0617396
2.98,3,0.199996,0.201862,0.00535382,-0.0218751,-0.00186628
2.98,4,-0.299991,-0.273912,-0.00567704,-0.205794,-0.0260791
2.98,5,0.100001,0.100246,0.00140338,-0.0016488,-0.000245558
2.99,0,0.999998,0.995604,-0.0372369,0.28747,0.00439399
2.99,1,-0.499996,-0.391845,-0.00389576,-4.31436,-0.108151
2.99,2,0.799997,0.861707,-0.00275638,-1.8458,-0.0617104
2.99,3,0.199996,0.201909,0.00405348,-0.0215583,-0.00191262
2.99,4,-0.299991,-0.273964,-0.00471424,-0.205864,-0.0260276
2.99,5,0.100001,0.100258,0.00101372,-0.00159127,-0.000257431
3,0,0.999998,0.995274,-0.0295877,0.277726,0.00472407
3,1,-0.499996,-0.391882,-0.00348114,-4.31413,-0.108114
3,2,0.799997,0.861682,-0.00238775,-1.84577,-0.0616849
3,3,0.199996,0.201942,0.00281571,-0.0211523,-0.00194629
3,4,-0.299991,-0.274006,-0.00377187,-0.206,-0.0259857
3,5,0.100001,0.100266,0.000646907,-0.00152173,-0.000265531
